id,code,name,prof,type,rate,notice
4123359,YHA1002,채플,강승일,교기/공기,0,P/NP
4123362,YHB1001,기독교와현대사회,한정헌,교기/공기/학기,5,상대평가
4123363,YHB1001,기독교와현대사회,조규오,교기/공기/학기,4,상대평가
4123364,YHB1001,기독교와현대사회,김영혜,교기/공기/학기,4.23,"""FLIPPED CLASSROOM"
4123365,YHB1002,성서와기독교,강승일,교기/공기/학기,4.44,"""영어강의"
4123366,YHB1002,성서와기독교,시몬김,교기/공기/학기,3.42,상대평가
4123367,YHB1002,성서와기독교,김영혜,교기/공기/학기,5,"""FLIPPED CLASSROOM"
4123368,YHB1002,성서와기독교,조규오,교기/공기/학기,3.82,상대평가
4123369,YHB1002,성서와기독교,전준식,교기/공기/학기,2.86,상대평가
4123370,YHB1002,성서와기독교,한정헌,교기/공기/학기,4.43,상대평가
4123371,YHB1002,성서와기독교,정승우,교기/공기/학기,3.53,"""FLIPPED CLASSROOM"
4123372,YHB1003,기독교역사와문화,김영혜,교기/공기/학기,3.91,"""FLIPPED CLASSROOM"
4123373,YHB1004,기독교와과학,"""정찬문",한봉수,박송용,정순희
4123374,YHC1001,글쓰기,장기영,교기/공기,4.25,절대평가
4123375,YHD1001,교양영어Ⅰ,김혜원,교기,4.09,절대평가
4123376,YHD1001,교양영어Ⅰ,권소정,교기,4.32,절대평가
4123377,YHD1001,교양영어Ⅰ,신지항,교기,4.52,절대평가
4123378,YHD1001,교양영어Ⅰ,이수림,교기,4.73,절대평가
4123379,YHD1001,교양영어Ⅰ,권영중,교기,3.52,절대평가
4123380,YHD1001,교양영어Ⅰ,오규호,교기,4.93,절대평가
4123381,YHD1001,교양영어Ⅰ,김영미,교기,3.05,절대평가
4123382,YHD1001,교양영어Ⅰ,오규호,교기,4.93,절대평가
4123383,YHD1001,교양영어Ⅰ,천인희,교기,4.17,절대평가
4123384,YHD1001,교양영어Ⅰ,이수림,교기,4.73,절대평가
4123385,YHD1001,교양영어Ⅰ,천인희,교기,4.17,절대평가
4123386,YHD1001,교양영어Ⅰ,이수림,교기,4.73,절대평가
4123387,YHD1001,교양영어Ⅰ,권영중,교기,3.52,절대평가
4123388,YHD1001,교양영어Ⅰ,오규호,교기,4.93,절대평가
4123389,YHD1001,교양영어Ⅰ,홍순태,교기,4.43,절대평가
4123390,YHD1001,교양영어Ⅰ,이영규,교기,4.67,절대평가
4123391,YHD1001,교양영어Ⅰ,김혜원,교기,4.09,절대평가
4123392,YHD1001,교양영어Ⅰ,홍순태,교기,4.43,절대평가
4123394,YHD1001,교양영어Ⅰ,이영규,교기,4.67,절대평가
4123395,YHD1001,교양영어Ⅰ,이제원,교기,2.71,절대평가
4123397,YHD1001,교양영어Ⅰ,김영미,교기,3.05,절대평가
4123398,YHD1001,교양영어Ⅰ,권소정,교기,4.32,절대평가
4123400,YHD1001,교양영어Ⅰ,신지항,교기,4.52,절대평가
4123402,YHD1001,교양영어Ⅰ,김영미,교기,3.05,절대평가
4123403,YHD1001,교양영어Ⅰ,천인희,교기,4.17,절대평가
4123404,YHD1001,교양영어Ⅰ,이제원,교기,2.71,절대평가
4123405,YHD1001,교양영어Ⅰ,이영규,교기,4.67,절대평가
4123406,YHX1001,컴퓨팅사고,,교기/필교,0,
4123407,YHF1004,서양음악의이해,이범석,대교/필교/학선,4.31,절대평가
4123409,YHF1005,음악사,김광현,대교/필교/학필,4.65,절대평가
4123410,YHF1006,대중문학의이해,고훈,대교/필교/학선,4.66,절대평가
4123411,YHF1007,연극의이해,우수진,대교/필교/학필,4,절대평가
4123412,YHF1008,영화의이해,유지영,대교/필교/학필,4.08,절대평가
4123414,YHF1011,미술사,전옥례,대교/필교/학필,3.02,절대평가
4123415,YHF1012,미학,이정은,대교/필교/학선,4.67,절대평가
4123416,YHF1019,클래식음악과문화,이범석,대교/필교,3.82,절대평가
4123417,YHG1002,현대사회와심리학,김정민,대교/필교/학필,4.36,절대평가
4123418,YHG1003,인간행동의심리적이해,김성학,대교/필교/학선,3.98,절대평가
4123419,YHG1004,우리교육의어제와오늘,고요한,대교/필교/학필,4.77,절대평가
4123420,YHG1005,서양문화의유산,이지원,대교/필교/학필,3.76,절대평가
4123421,YHG1005,서양문화의유산,서이자,대교/필교/학필,4.76,"""영어강의"
4123422,YHG1006,한국근현대사,원재영,대교/필교/학필,0,절대평가
4123423,YHG1006,한국근현대사,조민지,대교/필교/학필,4.78,"""영어강의"
4123424,YHG1007,한국전통문화의유산,이선희,대교/필교/학선,3.79,절대평가
4123425,YHG1008,동양문화의유산,김민서,대교/필교/학필,0,절대평가
4123426,YHG1009,동양철학사,전현희,대교/필교/학필,0,절대평가
4123427,YHG1009,동양철학사,이기용,대교/필교/학필,0,절대평가
4123428,YHG1010,서양철학사,김수진,대교/필교/학필,0,절대평가
4123429,YHG1017,연세의역사와지역사의이해,오영교,대교/필교,4.88,절대평가
4123430,YHG1018,그레이트북스:해석-상상-비판,"""이영규",이주석,"이진형""",대교/필교
4123431,YHG1021,행복한삶을위한관계의기술,조에스더,대교/필교,4.89,절대평가
4123432,YHH1005,일본어(1),노혜경,대교/필교/학선,4.7,절대평가
4123434,YHH1007,중국어(1),박응석,대교/필교/학선,5,절대평가
4123435,YHH1009,한문(1),반재유,대교/필교/학선,3.89,절대평가
4123436,YHH1013,독일어(1),남일우,대교/필교/학선,0,절대평가
4123437,YHH1015,불어(1),양서윤,대교/필교/학선,3.33,절대평가
4123438,YHH1017,글로벌실용영어,최종갑,대교/필교,4.23,절대평가
4123439,YHH1020,실전과학적소통기술,성정희,대교,0,절대평가
4123440,YHH1021,한국수어,(강사채용예정),대교,0,절대평가
4123441,YHI1001,공공가치와정책,할타르어뜨후,대교/필교/학선,0,절대평가
4123442,YHI1003,성평등리더십의이해와실천,최형미,대교/필교/학선,3,절대평가
4123443,YHI1004,철학과윤리,박정순,대교/필교/학필,3,절대평가
4123444,YHI1005,동양의가치와철학,(강사채용예정),대교/필교/학선,0,절대평가
4123445,YHI1007,인간과생명,이경희,대교/필교/학선,0,절대평가
4123446,YHI1008,환경오염과인간,전유권,대교/필교/학필,2.5,상대평가
4123447,YHI1009,원주의생명사상과운동,손동호,대교/필교,4.09,절대평가
4123448,YHI1010,연세의얼을찾아서,정승우,대교/필교,2.86,절대평가
4123449,YHI1012,공존을위한실천,성정희,대교,0,절대평가
4123450,YHI1013,"""4차산업혁명시대의인성",사고,"학습""",고요한,대교
4123451,YHJ1002,경제현안분석,이창근,대교/필교,0,절대평가
4123452,YHJ1003,정치학입문,권수현,대교/필교,3.83,절대평가
4123453,YHJ1004,현대사회의법과권리,김한성,대교/필교/학필,3.57,절대평가
4123454,YHJ1005,법학개론,김한성,대교/필교,3.84,절대평가
4123455,YHJ1006,빈곤과불평등,(비전임채용예정),대교/필교/학선,0,절대평가
4123456,YHJ1008,사회과학과사회복지,조미라,대교/필교/학선,0,절대평가
4123457,YHJ1010,기업가정신과리더십,이용천,대교/필교,1,절대평가
4123458,YHJ1021,원주사회적기업에서배우는협동과연대,이인재,대교/필교,5,절대평가
4123459,YHJ1022,대국굴기와한국굴기,배득종,대교/필교,4.89,"""FLIPPED CLASSROOM"
4123460,YHK1002,경제학입문,유정식,대교/필교,4.02,절대평가
4123461,YHK1003,글로벌시대의행정학,최대용,대교/필교,2.91,절대평가
4123462,YHK1004,글로벌시대의경영학,김희선,대교/필교/학선,0,절대평가
4123463,YHK1005,축제문화의이해,김미성,대교/필교/학선,3.91,절대평가
4123464,YHK1006,세계화시대의국제관계,권수현,대교/필교/학필,3.5,절대평가
4123465,YHK1009,국제빈곤의이해,김보경,대교/필교/학선,0,절대평가
4123466,YHK1010,문화인류학,차은정,대교/필교/학필,2.82,절대평가
4123468,YHK1012,국제개발학의기초,김보경,대교/필교/학선,3,절대평가
4123469,YHK1013,START UP BUSINESS,박인식,대교/필교,4,절대평가
4123470,YHK1016,지역문화콘텐츠와도시재생복원,"""제현수","이진형""",대교/필교,0
4123471,YHL1002,경제지표의이해와활용,박천일,대교/필교,1,절대평가
4123472,YHL1015,컴퓨터프로그래밍,김영태,대교/필교/학필,3.83,상대평가
4123473,YHL1020,공업수학(2),이세영,대교/필교,4.5,절대평가
4123474,YHL1020,공업수학(2),최승호,대교/필교,0,절대평가
4123475,YHL1024,논리와분석적판단,이주석,대교/필교/학선,0,절대평가
4123476,YHL1025,웹멀티미디어,이수용,대교/필교/학필,3.86,"""FLIPPED CLASSROOM"
4123477,YHL1026,인터넷활용,이근정,대교/필교/학필,0,상대평가
4123479,YHL1031,창의성과아이템탐색,박인식,대교/필교,5,절대평가
4123480,YHL1034,빅데이터리더십,이수용,대교/필교,5,"""FLIPPED CLASSROOM"
4123481,YHL1010,공업수학(I),김재권,대교/필교,3.08,"""FLIPPED CLASSROOM"
4123482,YHL1012,이산구조,임효상,대교/필교,4.76,상대평가
4123483,YHL1018,공업수학I,박상규,대교/필교,4.5,상대평가
4123484,YHL1018,공업수학I,(비전임채용예정),대교/필교,0,상대평가
4123485,YHV1006,물리학의현대적이해,이명희,대교/필교/학필,2.57,절대평가
4123486,YHV1010,과학혁명과한국과학사,"""이진형","이주석""",대교/필교,2.65
4123487,YHN1002,일반생물학및실험(1),,대교/필교,0,절대평가
4123489,YHN1002,일반생물학및실험(1),김희진,대교/필교,4.12,절대평가
4123491,YHN1002,일반생물학및실험(1),,대교/필교,0,절대평가
4123492,YHN1002,일반생물학및실험(1),김희진,대교/필교,4.12,절대평가
4123493,YHN1002,일반생물학및실험(1),,대교/필교,0,절대평가
4123495,YHN1002,일반생물학및실험(1),손준형,대교/필교,4.1,절대평가
4123496,YHN1002,일반생물학및실험(1),홍민선,대교/필교,4.44,절대평가
4123497,YHN1002,일반생물학및실험(1),신주옥,대교/필교,3.31,절대평가
4123498,YHN1002,일반생물학및실험(1),,대교/필교,0,절대평가
4123499,YHN1002,일반생물학및실험(1),김수환,대교/필교,3.11,절대평가
4123500,YHN1002,일반생물학및실험(1),,대교/필교,0,절대평가
4123501,YHN1002,일반생물학및실험(1),배기호,대교/필교,3.5,절대평가
4123504,YHN1005,인간의생물학적이해,김희진,대교/필교/학선,4.22,절대평가
4123505,YHN1006,인류진화의오디세이,신주옥,대교/필교/학필,4.33,절대평가
4123506,YHN1009,건강한삶에대한이해,"""이경중",이해종,조상현,남은우
4123508,YHT1004,응급처치,최지영,대교/선교/학선,4.62,절대평가
4123509,YHT1005,캠핑,박윤식,대교/선교/학선,2.5,절대평가
4123510,YHT1006,배드민턴,홍석범,대교/선교/학선,4.8,절대평가
4123511,YHT1006,배드민턴,최지영,대교/선교/학선,4.86,절대평가
4123512,YHT1007,스쿼시,박윤식,대교/선교/학선,3.83,절대평가
4123515,YHT1008,초급골프,박윤식,대교/선교/학선,3.4,절대평가
4123516,YHT1008,초급골프,최지영,대교/선교/학선,4,절대평가
4123517,YHT1008,초급골프,박윤식,대교/선교/학선,3.4,절대평가
4123519,YHT1009,하계보드스포츠,최지영,대교/선교/학선,4.67,절대평가
4123520,YHT1011,탁구,홍석범,대교/선교/학선,0,절대평가
4123521,YHT1012,체력육성,최지영,대교/선교/학선,4.73,절대평가
4123522,YHT1017,야구,이민규,대교/선교/학선,0,절대평가
4123523,YHT1018,수영,홍석범,대교/선교/학선,4,절대평가
4123524,YHT1018,수영,이민규,대교/선교/학선,5,절대평가
4123525,YHT1019,스쿠버다이빙,이민규,대교/선교/학선,4.67,절대평가
4123526,YHT1021,오리엔티어링,최지영,대교/선교/학선,4,절대평가
4123527,YHT1027,아웃도어스포츠,최지영,대교/선교,5,절대평가
4123528,YHT1002,건강과운동,최지영,대교/선교/학선,4.07,절대평가
4123529,YHT1030,현대사회와스포츠,박윤식,대교/선교,3.65,절대평가
4123530,YHA1001,채플,강승일,공기/학기,0,P/NP
4123535,YHC1001,글쓰기,신정은,공기/학기,4.67,절대평가
4123536,YHE1004,RC진로탐색과설계,김형태,공기,3,P/NP
4123537,YHE1004,RC진로탐색과설계,김명진,공기,0,P/NP
4123538,YHE1004,RC진로탐색과설계,최수정,공기,0,P/NP
4123539,YHE1004,RC진로탐색과설계,이태훈,공기,0,P/NP
4123540,YHE1004,RC진로탐색과설계,이기용,공기,0,P/NP
4123541,YHE1004,RC진로탐색과설계,이주명,공기,0,P/NP
4123542,YHE1004,RC진로탐색과설계,오병근,공기,0,P/NP
4123543,YHE1004,RC진로탐색과설계,목진요,공기,5,P/NP
4123544,YHE1004,RC진로탐색과설계,이창근,공기,0,P/NP
4123546,YHE1004,RC진로탐색과설계,정민수,공기,4.33,P/NP
4123547,YHE1004,RC진로탐색과설계,김한석,공기,1,P/NP
4123548,YHE1004,RC진로탐색과설계,최대용,공기,2,P/NP
4123549,YHE1004,RC진로탐색과설계,김형종,공기,5,P/NP
4123550,YHE1004,RC진로탐색과설계,윤방섭,공기,0,P/NP
4123551,YHE1004,RC진로탐색과설계,최종원,공기,0,P/NP
4123552,YHE1004,RC진로탐색과설계,노전표,공기,3.5,P/NP
4123553,YHE1004,RC진로탐색과설계,민숙,공기,0,P/NP
4123554,YHE1004,RC진로탐색과설계,조상완,공기,5,P/NP
4123555,YHE1004,RC진로탐색과설계,팽기정,공기,0,P/NP
4123556,YHE1004,RC진로탐색과설계,하은호,공기,0,P/NP
4123557,YHE1004,RC진로탐색과설계,박준수,공기,4.83,P/NP
4123558,YHE1004,RC진로탐색과설계,한호연,공기,4.5,P/NP
4123559,YHE1004,RC진로탐색과설계,서종철,공기,4,P/NP
4123560,YHE1004,RC진로탐색과설계,최병관,공기,0,P/NP
4123561,YHE1004,RC진로탐색과설계,,공기,0,P/NP
4123562,YHE1004,RC진로탐색과설계,박동희,공기,5,P/NP
4123563,YHE1004,RC진로탐색과설계,정태영,공기,0,P/NP
4123564,YHE1004,RC진로탐색과설계,김영호,공기,0,P/NP
4123565,YHE1004,RC진로탐색과설계,기재홍,공기,5,P/NP
4123566,YHE1004,RC진로탐색과설계,서영준,공기,0,P/NP
4123567,YHE1004,RC진로탐색과설계,이기종,공기,4.75,P/NP
4123568,YHE1004,RC진로탐색과설계,김윤석,공기,5,P/NP
4123569,YHE1004,RC진로탐색과설계,권오윤,공기,0,P/NP
4123570,YHE1004,RC진로탐색과설계,박지혁,공기,0,P/NP
4123571,YHE1004,RC진로탐색과설계,정용현,공기,5,P/NP
4123572,YHE1004,RC진로탐색과설계,주현호,공기,0,P/NP
4123576,YHE1006,커리어디자인(인문예술대학),김지현,공기,0,P/NP
4123577,YHE1006,커리어디자인(정경대학),김지현,공기,0,P/NP
4123578,YHE1006,커리어디자인(과학기술대학),김지현,공기,0,P/NP
4123579,YHE1006,커리어디자인(보건과학대학),김지현,공기,0,P/NP
4123580,YHE1006,커리어디자인,김지현,공기,0,P/NP
4123581,YHD1003,교양영어Ⅲ,킨케이드클리포드,대교/공기/필교,4.09,상대평가
4123584,YHD1003,교양영어Ⅲ,선안드레아,대교/공기/필교,0,상대평가
4123587,YHD1003,교양영어Ⅲ,킨케이드클리포드,대교/공기/필교,4.09,상대평가
4123588,YHO1003,유럽도시역사기행,서이자,선교/학선,3.96,절대평가
4123589,YHO1005,일본의이해,,선교/학선,0,절대평가
4123590,YHO1006,종교와인간심리,정승우,선교/학선,0,절대평가
4123591,YHO1008,서양의역사와문화,이지원,선교/학선,4.75,절대평가
4123592,YHO1009,한국현대사의이해,홍정완,선교/학선,4.21,절대평가
4123593,YHO1011,한국문화사,이선희,선교/학선,0,절대평가
4123594,YHO1011,한국문화사,조민지,선교/학선,0,"""영어강의"
4123596,YHO1023,영상매체속의교육문화이해,조진,선교/학선,3.72,절대평가
4123598,YHP1017,Make!:만들기의힘,,선교,0,절대평가
4123599,YHQ1011,직무분석및역량개발,김지현,선교/학선,0,절대평가
4123600,YHQ1012,실전취업역량,김지현,선교/학선,0,절대평가
4123602,YHQ1013,콜로키아학습조교,한봉수,선교/학선,0,절대평가
4123603,YHQ1017,사회봉사,서창우,선교/학선,4.5,P/NP
4123606,YHQ1017,사회봉사(정경대학버디버디),조인숙,선교/학선,0,P/NP
4123607,YHQ1017,사회봉사(국제교육원버디버디),박성호,선교/학선,0,P/NP
4123608,YHQ1017,사회봉사(iMBA버디버디),최종원,선교/학선,0,P/NP
4123609,YHQ1062,RA리더십개발론,한봉수,선교,0,P/NP
4123610,YHQ1063,여성커리어와리더십,김지현,선교/학선,0,P/NP
4123611,YHP1015,융합과통섭의지식즐기기,예병일,선교,2.91,"""FLIPPED CLASSROOM"
4123612,YHQ1001,결혼과가족,서혜영,선교/학선,3.67,절대평가
4123613,YHQ1003,심리학개론,문성모,선교/학선,0,절대평가
4123614,YHQ1005,부모교육,서혜영,선교/학선,3.56,절대평가
4123615,YHQ1009,"""여가",문화,"교육""",고요한,선교/학선
4123616,YHQ1014,카운슬링의이해와실제,조영진,선교/학선,4.1,절대평가
4123617,YHQ1042,인간발달의사회문화심리적탐구,김성학,선교/학선,4.44,절대평가
4123618,YHQ1064,한반도평화와협력,김형종,선교,4.75,P/NP
4123619,YHR1002,시네마속의인간심리,정지연,선교/학선,4.44,절대평가
4123620,YHR1003,디자인사,홍석일,선교,3.29,
4123621,YHR1006,"""영화",음악,"철학""",정지연,선교/학선
4123622,YHR1010,현대사회와영상매체,조진,선교/학선,4.38,절대평가
4123623,YHR1011,교양합창,김광현,선교/학선,0,절대평가
4123624,YHR1011,교양합창,,선교/학선,0,절대평가
4123625,YHR1022,"""고전영미아동문학의이해:역사",현실,"그리고환상""",서병철,선교
4123626,YHS1043,글로벌문화특강(1),킨케이드클리포드,선교/학선,0,"""원어강의"
4123627,YHS1044,글로벌문화특강(2),킨케이드클리포드,선교/학선,0,"""원어강의"
4123628,YHS1052,글로벌문화특강(3),킨케이드클리포드,선교/학선,0,"""원어강의"
4123629,YHS1045,지역사회봉사인턴십,박명선,선교/학선,0,"""영어강의"
4123630,YHS1001,TOEIC,서병철,선교/학선,4.09,절대평가
4123631,YHS1002,TOEFL,이제원,선교/학선,0,절대평가
4123632,YHS1013,초급한국어회화,정가람,선교/학선,0,"""영어강의"
4123633,YHS1014,초급한국어읽기및쓰기,정가람,선교/학선,0,"""영어강의"
4123634,YHS1015,중급한국어회화,최용신,선교/학선,0,절대평가
4123635,YHS1016,중급한국어읽기및쓰기,최용신,선교/학선,0,절대평가
4123636,YHS1017,고급한국어회화,성하춘,선교/학선,0,절대평가
4123637,YHS1018,고급한국어읽기및쓰기,성하춘,선교/학선,0,절대평가
4123638,YHS1019,한국문화체험,박명선,선교/학선,0,"""영어강의"
4123639,YHS1031,해외인턴십-1,박성호,선교/학선,0,상대평가
4123640,YHS1049,기초 TOEIC SPEAKING,박명선,선교/학선,4.22,상대평가
4123642,YHS1050,초급 TOEIC SPEAKING,박명선,선교/학선,2.4,상대평가
4123644,YHS1053,세계시민교육,,선교,0,절대평가
4123645,YHS1054,중국어(3),박응석,선교,0,절대평가
4123646,YHS1037,국제NGO인턴십,한상일,선교/학선,0,P/NP
4123647,YHS1038,국제NGO인턴십(2),한상일,선교/학선,0,P/NP
4123648,YHU1002,리더십과조직관리,윤방섭,학선,0,절대평가
4123652,YHE1003,Residential Colloquia (영화속영문학여행),김종두,교기,3,절대평가
4123653,YHE1003,Residential Colloquia (미국의 대중문화),,교기,0,절대평가
4123654,YHE1003,Residential Colloquia (미디어로 보는 한국현대사),김성조,교기,5,절대평가
4123655,YHE1003,Residential Colloquia (사진과 문화로 보는 한국의 근대),이태훈,교기,4.8,절대평가
4123656,YHE1003,Residential Colloquia (과거와의 대화:역사적 상상력),왕현종,교기,0,절대평가
4123657,YHE1003,Residential Colloquia (동양철학산책),이기용,교기,0,절대평가
4123658,YHC1001,글쓰기,채예람,교기,3,절대평가
4123659,YHC1001,글쓰기,정대혁,교기,4.04,절대평가
4123661,YHF1001,문학입문,고훈,대교,0,절대평가
4123662,YHF1001,문학입문,,대교,0,
4123663,YHG1001,사학입문,김성조,대교,0,절대평가
4123664,YHI1002,철학입문,이상인,대교,3.92,절대평가
4123665,YHE1003,Residential Colloquia (영화리뷰작성단),배정상,교기,3,절대평가
4123666,YHE1003,Residential Colloquia (일본어와 일본문화),노혜경,교기,5,절대평가
4123667,YHC1001,글쓰기,신정은,교기,4.67,절대평가
4123668,YHF1001,문학입문,배정상,대교,4.17,절대평가
4123669,YHG1001,사학입문,원재영,대교,0,절대평가
4123670,ECN1003,국민경제의이해,김성훈,전탐,4.56,"""FLIPPED CLASSROOM"
4123671,INT1002,국제관계학개론,김형종,전탐,4.38,절대평가
4123672,INT1002,국제관계학개론,(강사채용예정),전탐,0,절대평가
4123673,PAD1001,정부와행정,한상일,전탐,4.13,절대평가
4123674,YHE1003,Residential Colloquia,조인숙,교기,0,절대평가
4123675,YHE1003,Residential Colloquia,이태정,교기,0,절대평가
4123676,YHE1003,Residential Colloquia,양준모,교기,0,절대평가
4123677,YHE1003,Residential Colloquia,김성훈,교기,0,절대평가
4123678,YHE1003,Residential Colloquia (예술을 통해 배우는 국제정치),천자현,교기,0,절대평가
4123679,YHE1003,"""Residential Colloquia (협동조합", 원주," 국제관계)""",김형종,교기
4123680,YHE1003,Residential Colloquia (정치학 산책: 상자밖에서 생각하기),박성호,교기,0,절대평가
4123681,YHE1003,Residential Colloquia (공공정책가로 가는 길),,교기,0,절대평가
4123682,YHE1003,Residential Colloquia (나의 공직적격성을 찾아서: 공무원과 공직의 이해),한상일,교기,4.56,절대평가
4123683,YHE1003,Residential Colloquia (UN의 지속가능한발전목표(SDGs)와 우리 사회문제 해결),정무권,교기,0,절대평가
4123684,YHE1003,Residential Colloquia (지구촌 사람들의 생활개선 프로젝트),이서현,교기,0,절대평가
4123685,YHJ1003,정치학입문,이인성,대교,4.45,절대평가
4123686,YHJ1003,정치학입문,박성호,대교,4.23,절대평가
4123687,YHK1002,경제학입문,양준모,대교,4.46,절대평가
4123688,YHK1002,경제학입문,조인숙,대교,4.88,절대평가
4123689,YHK1012,국제개발학의기초,이서현,대교,4.75,절대평가
4123690,YHX1001,컴퓨팅사고,,교기,0,
4123695,MGT1002,재무회계원리,최종원,전필,4.52,"""FLIPPED CLASSROOM"
4123696,MGT1002,재무회계원리,박우진,전필,4.59,절대평가
4123697,MGT1002,재무회계원리,홍시운,전필,3.83,절대평가
4123698,MGT1002,재무회계원리,박창래,전필,3.29,절대평가
4123699,MGT1001,경영학의이해,이주헌,전선,3.07,"""영어강의"
4123700,YHE1003,Residential Colloquia (그러나 경영학도는 배낭여행으로 달린다),최성원,교기,0,절대평가
4123701,YHE1003,Residential Colloquia (건강한 대학생활과 공인회계사 진로탐색),박우진,교기,4.2,절대평가
4123702,YHE1003,Residential Colloquia (경영학도를 위한 인공지능 디캔팅),송용욱,교기,0,절대평가
4123703,YHE1003,Residential Colloquia (창업적 리더십),이주헌,교기,1.6,절대평가
4123704,YHE1003,Residential Colloquia (해외는어때? 경영학과 교환학생),김희선,교기,0,절대평가
4123705,YHE1003,Residential Colloquia (금융과 생활),장운욱,교기,0,절대평가
4123706,YHE1003,Residential Colloquia (심리학 입문),오상도,교기,0,절대평가
4123707,YHE1003,Residential Colloquia (창의적 대학생활),이선로,교기,5,절대평가
4123708,YHE1003,Residential Colloquia (지금부터 시작하는 내 집 장만 플랜),장운욱(담당교수 변경예정),교기,0,절대평가
4123709,YHE1003,Residential Colloquia (팩트풀니스),장운욱(담당교수 변경예정),교기,0,절대평가
4123710,YHH1001,비즈니스영어(1),김경선,대교/필교,4.46,절대평가
4123712,YHH1001,비즈니스영어(1),배성아,대교/필교,4.25,절대평가
4123714,YHL1001,비즈니스컴퓨팅(1),정유진,대교/필교,4.81,절대평가
4123716,YHL1001,비즈니스컴퓨팅(1),황성훈,대교/필교,5,절대평가
4123718,YHE1003,Residential Colloquia (매스매티카로 해보는 재미있는 수학),김형순,교기,0,절대평가
4123719,YHE1003,Residential Colloquia (세상속 수학이야기),권혁남,교기,0,절대평가
4123720,YHE1003,Residential Colloquia (생활속의 물리 분석),최태근,교기,3.5,절대평가
4123721,YHE1003,Residential Colloquia (물리학으로세상보기),이명희,교기,5,절대평가
4123722,YHE1003,Residential Colloquia (물리학과첨단기술),조수행,교기,5,절대평가
4123723,YHE1003,Residential Colloquia (화장품 화학),팽기정,교기,3.67,절대평가
4123724,YHE1003,Residential Colloquia (신소재와 인류 문명),정찬문,교기,0,절대평가
4123725,YHE1003,Residential Colloquia (교실 밖 화학이야기),전성란,교기,5,절대평가
4123726,YHE1003,Residential Colloquia (통계와 데이터정보),나성룡,교기,5,절대평가
4123727,YHE1003,Residential Colloquia (통계와 데이터마이닝 그리고 빅데이터),안재준,교기,5,절대평가
4123728,YHL1007,미분적분학과벡터해석(1),민숙,대교/필교,2.59,"""FLIPPED CLASSROOM"
4123729,YHL1007,미분적분학과벡터해석(1),김형순,대교,3,상대평가
4123730,YHL1007,미분적분학과벡터해석(1),김경희,대교,3.83,상대평가
4123731,YHL1007,미분적분학과벡터해석(1),민숙,대교,2.59,"""FLIPPED CLASSROOM"
4123732,YHV1001,일반물리학및실험(1),최태근,대교,4.26,상대평가
4123733,YHV1001,일반물리학및실험(1),조상완,대교,4,상대평가
4123734,YHV1001,일반물리학및실험(1),조수행,대교,4.45,상대평가
4123735,YHV1001,일반물리학및실험(1),최태근,대교,4.26,상대평가
4123736,YHV1003,일반화학및실험(1),전성란,대교,4.89,상대평가
4123738,YHV1003,일반화학및실험(1),조병연,대교,4.57,상대평가
4123739,YHV1003,일반화학및실험(1),전성란,대교,4.89,상대평가
4123740,YHE1003,Residential Colloquia (바이오 동향과 생활속 바이오기술),가학현,교기,0,절대평가
4123741,YHE1003,Residential Colloquia (뇌과학과 4차혁명),김희진,교기,4,절대평가
4123742,YHE1003,Residential Colloquia (진화심리학-우리마음도 진화의 산물일까?),신주옥,교기,0,절대평가
4123743,YHE1003,Residential Colloquia (The strange and wonderful world of animal behavior),배기호,교기,0,절대평가
4123744,YHE1003,Residential Colloquia (생명과학기술발달의 긍정적 힘과 부정적 인식),홍민선,교기,5,절대평가
4123745,YHL1007,미분적분학과벡터해석(1),김수민,대교,0,상대평가
4123747,YHV1001,일반물리학및실험(1),이진형,대교,4.83,상대평가
4123748,YHV1001,일반물리학및실험(1),,대교,0,상대평가
4123749,YHV1003,일반화학및실험(1),서지원,대교,4.8,상대평가
4123750,YHV1003,일반화학및실험(1),정봉열,대교,0,상대평가
4123751,YHE1003,Residential Colloquia (우리주변의 패키징 이야기),박수일,교기,0,절대평가
4123752,YHE1003,Residential Colloquia (패키징물류 토크박스),이강대,교기,0,절대평가
4123753,YHC1001,글쓰기,정수현,교기,3.41,절대평가
4123754,YHV1001,일반물리학및실험(1),양재성,대교,4.75,상대평가
4123755,YHV1003,일반화학및실험(1),전성란,대교,4.89,상대평가
4123756,YHX1001,컴퓨팅사고,,교기,0,
4123757,YHE1003,Residential Colloquia (유니버설디자인),권오성,교기,0,절대평가
4123758,YHE1003,Residential Colloquia (자동차 디자인),채승진,교기,3,절대평가
4123759,YHE1003,Residential Colloquia (비주얼 메시지와 디자인),황수홍,교기,4,절대평가
4123760,YHE1003,Residential Colloquia (공공디자인 탐구하기),홍석일,교기,0,절대평가
4123761,YHE1003,Residential Colloquia (예술과 기술),윤지현,교기,0,절대평가
4123762,YHD1001,교양영어Ⅰ,권영중,교기,3.52,절대평가
4123763,YHF1013,혼합매체,정재호,대교,3.57,상대평가
4123764,YHF1013,혼합매체,오병관,대교,0,상대평가
4123765,YHF1017,형태와구조,한정림,대교,4,상대평가
4123767,YHH1003,드로잉,채승진,대교,3,상대평가
4123769,YHH1004,디지털표현,윤지현,대교,4,상대평가
4123770,YHH1004,디지털표현,양숙현,대교,2.88,상대평가
4123771,YHE1003,Residential Colloquia,홍정희,교기,0,절대평가
4123772,YHE1003,Residential Colloquia,,교기,0,절대평가
4123776,YHL1007,미분적분학과벡터해석(1),권혁남,대교,4.5,
4123778,YHL1015,컴퓨터프로그래밍,임효상,대교,4.64,상대평가
4123779,YHL1015,컴퓨터프로그래밍,성태응,대교,3.75,상대평가
4123780,YHV1001,일반물리학및실험(1),최형,대교,0,상대평가
4123781,YHV1001,일반물리학및실험(1),유상구,대교,4.87,상대평가
4123782,YHV1003,일반화학및실험(1),남태규,대교,5,상대평가
4123783,YHX1001,컴퓨팅사고,,교기,0,
4123785,MBE1002,의학용어,이세영,전필,0,P/NP
4123786,YHE1003,Residential Colloquia(빛과 피부의 만남),정병조,교기,0,절대평가
4123787,YHE1003,Residential Colloquia(3차원 모델링을 활용한 가상현실 의공학 에니메이션 및 YOUTUBE 제작),최승호,교기,0,절대평가
4123788,YHE1003,Residential Colloquia(영화속의 의공학 및 의사소통기법),김한성,교기,0,절대평가
4123789,YHE1003,Residential Colloquia(나노 구조물과 의공학),이세영,교기,0,절대평가
4123790,YHE1003,Residential Colloquia(병원과 친해지기 대작전),양세정,교기,0,절대평가
4123791,YHC1001,글쓰기,박창균,교기,3.86,절대평가
4123792,YHC1001,글쓰기,채예람,교기,3,절대평가
4123793,YHL1007,미분적분학과벡터해석(1),권혁남,대교,4.5,
4123794,YHL1007,미분적분학과벡터해석(1),한수경,대교,2.77,
4123795,YHV1001,일반물리학및실험(1),,대교,0,
4123796,YHV1001,일반물리학및실험(1),이혁재,대교,4.38,
4123797,YHV1003,일반화학및실험(1),김주천,대교,4.67,상대평가
4123798,YHV1003,일반화학및실험(1),남태규,대교,5,상대평가
4123799,YHE1003,"""Residential Colloquia (좋은공기"," 맑은숨)""",김성헌,교기,0
4123800,YHE1003,Residential Colloquia (생활 속에서의 에너지 체험!),노현석,교기,4,절대평가
4123801,YHE1003,Residential Colloquia (어떤 물 드릴까요? 워터 소믈리에 되기),윤여준,교기,0,절대평가
4123802,YHE1003,Residential Colloquia (지구행성 외계인),이상수,교기,0,절대평가
4123803,YHE1003,Residential Colloquia (빅데이터를 활용한 환경 서비스 ),이태권,교기,0,절대평가
4123804,YHC1001,글쓰기,성은혜,교기,5,절대평가
4123805,YHC1001,글쓰기,이유미,교기,4.4,절대평가
4123806,YHL1007,미분적분학과벡터해석(1),박주희,대교,4.62,
4123808,YHV1001,일반물리학및실험(1),김형식,대교,4.3,
4123809,YHV1001,일반물리학및실험(1),,대교,0,
4123810,YHV1003,일반화학및실험(1),이성한,대교,3.75,상대평가
4123811,YHV1003,일반화학및실험(1),김진산,대교,3.97,상대평가
4123812,YHM2016,공중보건학개론,"""남은우",이광수,이해종,서영준
4123813,YHE1003,Residential Colloquia (의료기관의 이해),이광수,교기,0,절대평가
4123814,YHE1003,Residential Colloquia (BTS와 병원마케팅),진기남,교기,2.4,절대평가
4123815,YHE1003,Residential Colloquia (학교생활 관찰하기),유기봉,교기,0,절대평가
4123816,YHD1001,교양영어Ⅰ,김혜원,교기,4.09,절대평가
4123817,YHX1001,컴퓨팅사고,,교기,0,
4123818,BML1002,의학용어,김윤석,전선,5,절대평가
4123819,YHC1001,글쓰기,이유미,교기,4.4,절대평가
4123820,YHC1001,글쓰기,박창균,교기,3.86,절대평가
4123821,YHV1001,일반물리학및실험(1),최형,대교,0,
4123822,YHV1003,일반화학및실험(1),김진산,대교,3.97,상대평가
4123824,YPT1001,의학용어,최우철,전선,4.5,"""영어강의"
4123825,YHE1003,Residential Colloquia (움직임으로 이해하는 물리치료),최우철,교기,0,절대평가
4123826,YHE1003,Residential Colloquia (나와 물리치료),신헌석,교기,0,절대평가
4123827,YHE1003,Residential Colloquia (배리어 프리 캠퍼스),이충휘,교기,5,절대평가
4123828,YHV1001,일반물리학및실험(1),유상구,대교,4.87,
4123830,YOT1001,의학용어,박지혁(담당교수변경예정),전선,0,절대평가
4123831,YHE1003,Residential Colloquia (보람있는 작업),박혜연,교기,0,절대평가
4123832,YHE1003,Residential Colloquia (즐거운 인생 즐거운 작업)?,정민예,교기,0,절대평가
4123833,YHV1001,일반물리학및실험(1),,대교,0,
4123834,YHV1003,일반화학및실험(1),김주천,대교,4.67,상대평가
4123835,YHX1001,컴퓨팅사고,,교기,0,
4123836,BML1002,의학용어,정용현(이동훈 신임교수로 변경예정),전선,0,
4123837,YHE1003,Residential Colloquia (방사선영상 그리기),조효성,교기,5,절대평가
4123838,YHE1003,Residential Colloquia (Monte Carlo 방법을 사용한 확률 게임),민철희,교기,0,절대평가
4123839,YHE1003,Residential Colloquia (미디어로 본 의료영상과 직업탐구),정용현((이동훈 신임교수로 변경예정),교기,0,절대평가
4123840,YHL1007,미분적분학과벡터해석(1),한수경,대교,2.77,
4123841,YHV1001,일반물리학및실험(1),이혁재,대교,4.38,
4123842,YHX1001,컴퓨팅사고,,교기,0,
4123843,YHE1003,Residential Colloquia (Environmental Issues in East Asia),틸란드바니,교기,0,절대평가
4123844,YHE1003,Residential Colloquia (Chinese Culture and Society),양향봉,교기,5,절대평가
4123845,YHE1003,Residential Colloquia (Financing for Development in Asia),현석,교기,0,절대평가
4123846,EIC1002,ENGLISH WRITING TUTORIAL(1),신지혜,교기,4.25,"""영어강의"
4123848,EIC1008,CHINESE LANGUAGE(1),권혜진,교기,0,"""원어강의"
4123849,EIC1008,CHINESE LANGUAGE(1),홍휘상,교기,4.4,"""원어강의"
4123850,EIC1012,JAPANESE LANGUAGE(1),가쓰라가와토모코,교기,5,"""원어강의"
4123851,EIC1020,WORLD HISTORY(1)-INTRODUCTION,신지혜,대교,4,"""영어강의"
4123852,EIC1022,WORLD PHILOSOPHY(1)-INTRODUCTION,이양수,대교,4.33,"""영어강의"
4123853,EIC1024,WORLD LITERATURE(1)-INTRODUCTION,틸란드바니,대교,4,"""영어강의"
4123854,EIC1030,QUANTITATIVE METHODS(1),(강사채용예정),대교,0,"""영어강의"
4123855,EIC2301,RESEARCH METHODS,조비연,대교,0,"""영어강의"
4123856,YHE1003,Residential Colloquia (우리주변의 미생물과 만나보자),김종배,교기,0,절대평가
4123857,YHE1003,Residential Colloquia (내 몸안의 인문학),이혜영,교기,0,절대평가
4123858,YHE1003,Residential Colloquia (개인과 조직),전보영,교기,5,절대평가
4123859,YHE1003,Residential Colloquia (한자와동아시아문화),오민정,교기/공기,0,절대평가
4123860,YHE1003,Residential Colloquia (언어와동아시아문화),박응석,교기/공기,5,절대평가
4123861,YHE1003,"""Residential Colloquia (의학", 사회," 문화와 예술)""",박연철,교기
4123862,YHE1003,Residential Colloquia (역사와 사회속에서 감염병),최선주,교기,5,
4123863,YHE1003,Residential Colloquia (건강과 사회개발),이규재,교기,0,
4123864,YHE1003,Residential Colloquia (리더십 사관학교),예병일,교기,3.5,
4123865,YHE1003,Residential Colloquia (나의 병원유산 답사기),김상하,교기,0,
4123866,YHE1003,Residential Colloquia (헬스가이드),공인덕,교기,0,
4123867,YHE1003,Residential Colloquia (나와 너와의 관계),임영미,교기,0,
4123868,YHE1003,Residential Colloquia (나와의 여행),김기경,교기,0,
4123869,YHE1003,"""Residential Colloquia (나"," 너 그리고 우리)""",김기연,교기,0
4123870,YHE1003,Residential Colloquia (치위생 관찰보고서),문소정,교기,0,
4123871,YHE1003,Residential Colloquia (치위생 탐구생활),한선영,교기,0,
4123878,YHE1101,RC문화예술활동(1) - 풍물놀이,이범석,교기,0,
4123880,YHE1101,RC문화예술활동(1) - 통기타(1)(악기는 개인준비),이범석,교기,0,
4123881,YHE1101,RC문화예술활동(1) - 통기타(2)(악기는 개인준비),이범석,교기,0,
4123883,YHE1101,RC문화예술활동(1) - 오카리나(악기는 개인준비),이범석,교기,0,
4123884,YHE1101,RC문화예술활동(1) - 리코더(악기는 개인준비),이범석,교기,5,
4123885,YHE1101,RC문화예술활동(1) - 플루트(악기는 개인준비),이범석,교기,5,
4123886,YHE1101,RC체육활동(1) - 파워워킹(1),이범석,교기,4,
4123887,YHE1101,RC체육활동(1) - 파워워킹(2),이범석,교기,4.75,
4123888,YHE1101,RC문화예술활동(1) - 그림,이범석,교기,0,
4123889,YHE1101,RC문화예술활동(1) - 바둑,이범석,교기,0,
4123890,YHE1101,RC창의도전활동(1) - 이글하우스,이범석,교기,0,
4123891,YHE1101,RC사회기여활동(1) - 이글하우스,이범석,교기,0,
4123892,YHE1101,RC체육활동(1) - 배드민턴(1),예병일,교기,4,
4123893,YHE1101,RC체육활동(1) - 배드민턴(2),예병일,교기,4.33,
4123894,YHE1101,RC체육활동(1) - 배드민턴(3),예병일,교기,5,
4123895,YHE1101,RC체육활동(1) - 스쿼시,예병일,교기,4.33,
4123897,YHE1101,RC문화예술활동(1) - 연극,예병일,교기,5,
4123898,YHE1101,RC문화예술활동(1) - 캘리그라피(1),예병일,교기,0,
4123899,YHE1101,RC문화예술활동(1) - 캘리그라피(2),예병일,교기,0,
4123900,YHE1101,RC문화예술활동(1) - 메이크업,예병일,교기,4,
4123901,YHE1101,RC문화예술활동(1) - 패션트렌드,예병일,교기,4.33,
4123902,YHE1101,RC문화예술활동(1) - 마술,예병일,교기,0,
4123903,YHE1101,RC문화예술활동(1) - 독서클럽,예병일,교기,0,
4123904,YHE1101,RC문화예술활동(1) - 파워포인트 스킬(프리젠테이션 스킬),예병일,교기,0,
4123905,YHE1101,RC창의도전활동(1) - 솜니움하우스,예병일,교기,0,
4123906,YHE1101,RC사회기여활동(1) - 솜니움하우스,예병일,교기,0,
4123907,YHE1101,RC체육활동(1) - 야구,최지영,교기,0,
4123908,YHE1101,RC체육활동(1) - 헬스(1),최지영,교기,3.67,
4123909,YHE1101,RC체육활동(1) - 헬스(2),최지영,교기,3,
4123910,YHE1101,RC체육활동(1) - 헬스(3),최지영,교기,5,
4123911,YHE1101,RC체육활동(1) - 수영(1),최지영,교기,0,
4123912,YHE1101,RC체육활동(1) - 수영(2),최지영,교기,5,
4123913,YHE1101,RC체육활동(1) - 수영(3),최지영,교기,5,
4123914,YHE1101,RC체육활동(1) - 족구(1),최지영,교기,0,
4123915,YHE1101,RC체육활동(1) - 족구(2),최지영,교기,4.33,
4123916,YHE1101,RC체육활동(1) - 음악과 함께하는 다이어트 줄넘기,최지영,교기,0,
4123917,YHE1101,RC체육활동(1) - 조깅,최지영,교기,0,
4123918,YHE1101,RC체육활동(1) - 농구(1),최지영,교기,5,
4123919,YHE1101,RC체육활동(1) - 농구(2),최지영,교기,4,
4123920,YHE1101,RC체육활동(1) - 농구(3),최지영,교기,4.5,
4123921,YHE1101,RC체육활동(1) - 농구(여)(여학생만 신청),최지영,교기,0,
4123922,YHE1101,RC창의도전활동(1) - 머레이하우스,최지영,교기,0,
4123923,YHE1101,RC사회기여활동(1) - 머레이하우스,최지영,교기,0,
4123924,YHE1101,RC체육활동(1) - 축구(1),이수용,교기,5,
4123925,YHE1101,RC체육활동(1) - 축구(2),이수용,교기,0,
4123926,YHE1101,RC체육활동(1) - 축구(3),이수용,교기,0,
4123927,YHE1101,RC체육활동(1) - 풋살(1),이수용,교기,0,
4123928,YHE1101,RC체육활동(1) - 풋살(2),이수용,교기,0,
4123929,YHE1101,RC체육활동(1) - 풋살(3),이수용,교기,0,
4123930,YHE1101,RC체육활동(1) - 풋살(여),이수용,교기,5,
4123931,YHE1101,RC문화예술활동(1) - 중국어,이수용,교기,0,
4123932,YHE1101,RC창의도전활동(1) - 로이스하우스,이수용,교기,0,
4123933,YHE1101,RC사회기여활동(1) - 로이스하우스,이수용,교기,0,
4123934,YHE1101,RC문화예술활동(1) - 방송댄스(1),배정상,교기,0,
4123935,YHE1101,RC문화예술활동(1) - 방송댄스(2),배정상,교기,4,
4123936,YHE1101,RC문화예술활동(1) - 영어,배정상,교기,0,
4123937,YHE1101,RC문화예술활동(1) - 대학 한국어(1)(외국학생만 신청),배정상,교기,0,
4123938,YHE1101,RC문화예술활동(1) - 대학 한국어(2)(외국학생만 신청),배정상,교기,0,
4123939,YHE1101,RC문화예술활동(1) - 대학 한국어(3)(외국학생만 신청),배정상,교기,5,
4123940,YHE1101,RC체육활동(1) - 피클볼(1),배정상,교기,1,
4123941,YHE1101,RC체육활동(1) - 피클볼(2),배정상,교기,0,
4123942,YHE1101,RC체육활동(1) - 피클볼(3),배정상,교기,0,
4123943,YHE1101,RC문화예술활동(1) - 일본어,배정상,교기,0,
4123944,YHE1101,RC문화예술활동(1) - 문예창작,배정상,교기,0,
4123945,YHE1101,RC창의도전활동(1) - 베리타스하우스,배정상,교기,0,
4123946,YHE1101,RC사회기여활동(1) - 베리타스하우스,배정상,교기,0,
4123947,YHE1101,RC체육활동(1) - 테니스(1),이명희,교기,0,
4123948,YHE1101,RC체육활동(1) - 테니스(2),이명희,교기,0,
4123949,YHE1101,RC체육활동(1) - 테니스(3),이명희,교기,0,
4123950,YHE1101,RC체육활동(1) - 탁구(1),이명희,교기,0,
4123951,YHE1101,RC체육활동(1) - 탁구(2),이명희,교기,0,
4123952,YHE1101,RC체육활동(1) - 탁구(3),이명희,교기,0,
4123953,YHE1101,RC체육활동(1) - 탁구(4),이명희,교기,0,
4123954,YHE1101,RC문화예술활동(1) - 사진(1),이명희,교기,0,
4123955,YHE1101,RC문화예술활동(1) - 사진(2),이명희,교기,0,
4123956,YHE1101,RC체육활동(1) - R카라카,이명희,교기,0,
4123957,YHE1101,RC창의도전활동(1) - 아람뜰하우스,이명희,교기,0,
4123958,YHE1101,RC사회기여활동(1) - 아람뜰하우스,이명희,교기,0,
4123959,YHE1101,RC체육활동(1) - 명상,신주옥,교기,0,
4123960,YHE1101,RC체육활동(1) - 필라테스(1),신주옥,교기,3.75,
4123961,YHE1101,RC체육활동(1) - 필라테스(2),신주옥,교기,4,
4123962,YHE1101,RC체육활동(1) - 필라테스(3),신주옥,교기,5,
4123963,YHE1101,RC체육활동(1) - 요가(1),신주옥,교기,0,
4123964,YHE1101,RC체육활동(1) - 요가(2),신주옥,교기,0,
4123965,YHE1101,RC체육활동(1) - 요가(3),신주옥,교기,0,
4123966,YHE1101,RC문화예술활동(1) - 걸스 힙합(여학생만 신청),신주옥,교기,4,
4123967,YHE1101,RC문화예술활동(1) - 유학생 말하기 클럽(외국학생만 신청),신주옥,교기,0,
4123968,YHE1101,RC문화예술활동(1) - 유학생 프리젠테이션 스킬(외국학생만 신청),신주옥,교기,0,
4123969,YHE1101,RC창의도전활동(1) - 초아름하우스,신주옥,교기,0,
4123970,YHE1101,RC사회기여활동(1) - 초아름하우스,신주옥,교기,0,
4123977,KLL2002,근대문학사,한수영,전필,4.2,절대평가
4123978,KLL2006,한국고전문학입문,김형태,전필,5,절대평가
4123979,KLL4021,한국어문학콘텐츠현장실습(1),김형태,전선,0,P/NP
4123980,KLL4022,한국어문학콘텐츠현장실습(2),김형태,전선,0,P/NP
4123981,KLL4023,한국어문학콘텐츠현장실습(3),김형태,전선,0,P/NP
4123982,KLL4024,한국어문학콘텐츠현장실습(4),김형태,전선,0,P/NP
4123983,KLL2008,근대미디어와대중문학,임성래,전선,4.5,절대평가
4123984,KLL3016,근대소설사,이현식,전선,0,절대평가
4123985,KLL3022,구비문학론,김형태,전선,0,절대평가
4123986,KLL3027,근대시와 시론,(강사채용예정),전선,0,절대평가
4123987,KLL3045,근세국어학자료강독,김병문,전선,4,절대평가
4123988,KLL3050,시가문학의전통과근대,김형태,전선,5,절대평가
4123989,KLL3052,근대한국어자료처리연습,고석주,전선,3.25,절대평가
4123990,KLL4012,텍스트비평론,김영민,전선,4.86,절대평가
4123991,KLL4016,국어통사론,양정석,전선,2.63,절대평가
4123992,KLL4025,근대한국어문학답사,김형태,전선,0,P/NP
4123993,KLL4026,학부연구(1),고석주,전선,0,P/NP
4123994,KLL4027,학부연구(2),고석주,전선,0,P/NP
4123995,KLL3003,한국현대문학의이해,배현자,전선,0,절대평가
4123996,KLL3091,근대영상미디어론,김형태(담당교수채용예정),전선,0,절대평가
4123997,KLL4019,근대미디어자료읽기,배정상,전선,3.5,절대평가
4123998,ENH2001,영어학개관,서진희,전필,3.44,상대평가
4123999,ENH2001,영어학개관,최종갑,전필,0,상대평가
4124000,ENH3027,미국문학개관,선희정,전필,0,상대평가
4124001,ENH3027,미국문학개관,황지연,전필,0,상대평가
4124002,ENH3055,영어논리및논술,최수정,전선,0,절대평가
4124003,ENH2005,문예작문과수사학,킨케이드클리포드,전선,1,절대평가
4124004,ENH3003,낭만주의영시,김명복,전선,2.44,절대평가
4124005,ENH3004,음성학,최학순,전선,4.43,절대평가
4124006,ENH3009,영어구조론(1),서진희,전선,3.25,절대평가
4124007,ENH3012,17세기영시,김종두,전선,1,절대평가
4124008,ENH3017,영미작가론,선희정,전선,0,절대평가
4124009,ENH3021,영어학연습,최학순,전선,0,절대평가
4124010,ENH3041,영어교육방법론,최수정,전선,0,절대평가
4124011,ENH3045,영미희곡개관,이유정,전선,1.57,"""영어강의"
4124012,ENH3046,고급영문법,박홍근,전선,4.25,절대평가
4124013,ENH3056,영어교재연구및지도법,최수정,전선,3.33,절대평가
4124014,ENH4011,영미비평,황지연,전선,0,절대평가
4124015,ENH4017,영미문학과영화,김명진,전선,3,"""영어강의"
4124016,ENH4019,미국소설특강,(신임교원 채용예정),전선,0,"""영어강의"
4124017,ENH3065,영미그림책이론과실제(1)(캡스톤디자인),김명복,전선,3.5,절대평가
4124018,ENH4028,글로벌업무소통영어,김영미,전선,0,절대평가
4124019,ENH4022,영어영문학과현장실습(1),김명진,전선,0,P/NP
4124020,ENH4023,영어영문학과현장실습(2),김명진,전선,0,P/NP
4124021,ENH4024,영어영문학과현장실습(3),김명진,전선,0,P/NP
4124022,ENH4025,영어영문학과현장실습(4),김명진,전선,0,P/NP
4124023,ENH4020,영미단편소설,김명진,전선,0,절대평가
4124024,HAC2004,한국사학사,오영교,전필,3.29,절대평가
4124025,HAC3061,자료로보는한국사,이인재,전필,4.43,절대평가
4124026,HAC4009,역사현장조사,이인재,전선,0,
4124027,HAC2001,서양사학입문,서이자,전선,5,절대평가
4124028,HAC3002,중국사개설,김민서,전선,0,절대평가
4124029,HAC3004,근현대의한국과제국주의,이태훈,전선,3,절대평가
4124030,HAC3028,프랑스의역사와문화,서이자,전선,5,절대평가
4124031,HAC3043,역사문화기획론,이선철,전선,5,절대평가
4124032,HAC3046,문화와콘텐츠산업론,박민권,전선,2,절대평가
4124033,HAC3047,한국근현대조사와인물평전,왕현종,전선,2.5,절대평가
4124034,HAC4012,역사논문작성법,이인재,전선,5,절대평가
4124035,HAC3063,역사학의쟁점,심철기,일반,0,절대평가
4124036,HAC3030,근대동아시아의문화교류와21세기,심희찬,전선,0,절대평가
4124037,PHO3008,논리학,박승권,전선,0,상대평가
4124038,PHO3012,서양근세철학사,정대성,전선,0,상대평가
4124039,PHO3022,한국철학사,이기용,전선,0,상대평가
4124040,PHO3026,예술철학,이경희,전선,0,상대평가
4124041,PHO3040,중국현대철학,김우형,전선,0,상대평가
4124042,PHO4004,플라톤철학,이상인,전선,4,절대평가
4124043,PHO4005,신유가철학,전현희,전선,0,절대평가
4124044,PHO4011,사회철학,박정순,전선,3.25,절대평가
4124045,PHO4015,인도철학사와불교철학,(강사채용예정),전선,0,절대평가
4124046,PHO3003,여성의철학,이정은,전선,0,
4124047,DES3001,유니버설디자인실습(캡스톤디자인),조항준,전선/일반,2,절대평가
4124048,DES3002,디지털크래프트(캡스톤디자인),윤지현,전선/일반,4,절대평가
4124049,DES3004,융합디자인워크샵(캡스톤디자인),박종욱,전선/일반,3.5,절대평가
4124050,PID2001,제품디자인실습(1),이주명,전필,0,상대평가
4124051,PID2002,CAPD실습(1),박재민,전선,0,상대평가
4124052,PID3034,인지와디자인실습,권오성,전선,3,절대평가
4124053,PID3007,디자인방법론실습,이주명,전선,2.25,절대평가
4124054,PID3015,시스템디자인실습(캡스톤디자인),이병종,전필,1,절대평가
4124055,PID3003,인터렉션디자인실습(캡스톤디자인),조항준,전선,3,절대평가
4124056,PID3029,실내디자인실습,조현이,전선,2.5,절대평가
4124057,PID4013,현대디자인세미나,채승진,전선,0,절대평가
4124058,PID4014,학제간연구(캡스톤디자인),"""이주명",이병종,"권오성""",전선
4124059,VID2007,편집디자인(1),이명숙,전선,0,상대평가
4124060,VID2012,일러스트레이션,서효민,전선,3.5,상대평가
4124061,VID2015,타이포그래피,황수홍,전선,4.75,상대평가
4124062,VID2015,타이포그래피,이명숙,전선,3.53,상대평가
4124063,VID2020,사진과디지털이미지,오병근(담당교수변경예정),전선,0,상대평가
4124064,VID2001,정보미디어실습,오병근(담당교수변경예정),전선,0,상대평가
4124065,VID3001,시각디자인(2),홍석일,전필,3.83,절대평가
4124066,VID3001,시각디자인(2),홍주희,전필,0,절대평가
4124067,VID3020,그래픽디자인(1),오병근,전선,0,절대평가
4124068,VID3037,비주얼인터랙션디자인(캡스톤디자인),박한진,전선,0,절대평가
4124069,VID3027,졸업작품워크샵(캡스톤디자인),오병근,전필,0,절대평가
4124070,VID3027,졸업작품워크샵(캡스톤디자인),박한진,전필,0,절대평가
4124071,VID4003,시각디자인실무,홍석일,전선,0,절대평가
4124072,VID4008,그래픽디자인실무,오병근(담당교수변경예정),전선,0,절대평가
4124073,VID4010,커뮤니케이션디자인실무,김찬숙,전선,0,절대평가
4124074,DIA3013,디자인바이스트럭쳐,목진요,전선,5,절대평가
4124075,DIA3014,라이팅디자인,목진요,전선,3,절대평가
4124076,DIA2006,감각과논리,윤지현,전필,3.5,"""영어강의"
4124077,DIA3008,피지컬컴퓨팅,윤지현,전필,4,절대평가
4124078,DIA3011,DVA기초,양숙현,전선,2.33,절대평가
4124079,DIA3006,디지털영상,목진요,전선,0,상대평가
4124080,YHC1001,글쓰기,이혜진,공기,4.72,절대평가
4124081,YHC1001,글쓰기,장기영,공기,4.25,절대평가
4124082,YHC1001,글쓰기,이민규,공기,4.67,절대평가
4124083,YHC1001,글쓰기,오태권,공기,3.79,절대평가
4124084,MTH2001,응용해석및연습(1),유일,전필,5,상대평가
4124085,MTH2005,선형대수(1),김경희,전선,3.75,상대평가
4124086,MTH3001,전산통계학,이우주,전선,4.6,상대평가
4124087,MTH3004,기하와그래픽(1),한수경,전필,2,상대평가
4124088,MTH3012,현대대수(1),김경희,전필,2.83,상대평가
4124089,MTH3019,위상수학(1),김형순,전선,5,상대평가
4124090,MTH3024,수치해석(1),권혁남,전선,3,"""영어강의"
4124091,MTH3036,수학논리및논술,민숙,전선,0,절대평가
4124092,MTH4016,학부연구(1),김경희,전선,0,P/NP
4124093,MTH4017,학부연구(2),김경희,전선,0,P/NP
4124094,MTH4018,학부연구(3),김경희,전선,0,P/NP
4124095,MTH4019,학부연구(4),김경희,전선,0,P/NP
4124096,MTH3008,이산구조,민숙,전선,0,상대평가
4124097,MTH3032,알고리즘,민숙,전선,1.6,상대평가
4124098,MTH4005,실해석학(1),김형순,전선,0,절대평가
4124099,MTH4007,확률론,이우주,전선,0,절대평가
4124100,PHS2003,현대물리학(1),최진철,전필,4.5,상대평가
4124101,PHS3005,일반역학(1),서지원,전필,5,상대평가
4124102,PHS3007,양자역학(1),김선명,전필,5,상대평가
4124103,PHS3009,전자기학(1),조수행,전필,5,상대평가
4124104,PHS4009,물리신소재현장실습(1),조상완,전선,0,P/NP
4124105,PHS4010,물리신소재현장실습(2),조상완,전선,0,P/NP
4124106,PHS4011,물리신소재현장실습(3),조상완,전선,0,P/NP
4124107,PHS4012,물리신소재현장실습(4),조상완,전선,0,P/NP
4124108,MTH2001,응용해석및연습(1),유일,전선,5,
4124109,PHS2002,기초전자,조상완,전선,0,절대평가
4124111,PHS3011,수리물리학(1),최태근,전선,5,절대평가
4124112,PHS3013,열물리학,이진형,전선,5,절대평가
4124113,PHS4005,고체물리학,이명희,전선,4.33,절대평가
4124114,PHS4006,광학,김형식,전선,4,절대평가
4124115,PHS4003,재료물리학특강,서지원,전선,3,"""영어강의"
4124119,PHS4015,고급물리학및실험,조수행,전선,0,절대평가
4124122,CHY3002,무기화학실험,양재성(담당교수 변경예정),전필,0,
4124125,CHY2002,유기화학실험,장두옥,전필,4.4,
4124128,CHY2001,분석화학,팽기정,전필,3.5,
4124129,CHY2003,유기화학,장두옥,전필,3.81,상대평가
4124130,CHY3008,무기화학,양재성(담당교수 변경예정),전필,0,상대평가
4124131,CHY3011,물리화학(1),이성한,전필,4.08,상대평가
4124132,CHY3005,양자화학,양재성,전선,5,상대평가
4124133,CHY3013,공업화학,정찬문,전선,3.25,상대평가
4124134,CHY3014,유기합성,정인화,전선,3.5,상대평가
4124135,CHY3015,유기구조해석,정인화,전선,3.44,상대평가
4124136,CHY3016,고분자화학,정찬문,전선,4.67,상대평가
4124137,CHY3021,분리분석화학,조병연,전선,3,상대평가
4124138,CHY4009,고급화학실험(1),장두옥,전선,0,"""영어강의"
4124139,CHY4016,기업체현장실습(1),장두옥,전선,0,P/NP
4124140,CHY4017,기업체현장실습(2),장두옥,전선,0,P/NP
4124141,CHY4018,기업체현장실습(3),장두옥,전선,0,P/NP
4124142,CHY4019,기업체현장실습(4),장두옥,전선,0,P/NP
4124143,CHY3029,의용소재화학,"""팽기정",양재성,"정찬문""",전선
4124144,CHY4015,소재화학실험(캡스톤디자인),정봉열,전선,5,절대평가
4124145,CHY3031,MEDICI 장기 현장실습,장두옥,전선,0,P/NP
4124146,IST4020,정보산업기업체현장실습(1),안재준,전선,0,P/NP
4124147,IST4021,정보산업기업체현장실습(2),안재준,전선,0,P/NP
4124148,IST4022,정보산업기업체현장실습(3),안재준,전선,0,P/NP
4124149,IST4023,정보산업기업체현장실습(4),안재준,전선,0,P/NP
4124150,IST2006,통계학개론(1),하은호,전필,4,상대평가
4124151,IST2003,정보시스템입문,안재준,전선,4.75,절대평가
4124152,IST3024,선형대수,하은호(담당교수 변경예정),전선,0,절대평가
4124153,IST3030,통계전산프로그래밍,박현아,전선,4,절대평가
4124154,IST4024,SODO학부연구(1),안재준,전선,0,P/NP
4124155,IST3016,회귀분석,문명상,전필,4.5,상대평가
4124156,IST3032,수리통계학,나성룡,전필,4.35,상대평가
4124157,IST3013,데이터마이닝입문,안재준,전선,4.62,절대평가
4124158,IST3025,사회조사분석론,박현아,전선,3.5,절대평가
4124159,IST3038,빅데이터분석입문,유기봉,전선,2.17,절대평가
4124160,IST4019,데이터분석모델링캡스톤디자인,안재준,전선,4.8,절대평가
4124161,IST4002,비모수통계론,문명상,전선,5,절대평가
4124162,IST4009,다변량통계분석,하은호(담당교수 변경예정),전선,0,절대평가
4124163,IST4014,시계열분석,하은호,전선,4.25,절대평가
4124164,PKG2001,종이패키징재료학및실험,박수일,전필,2.9,절대평가
4124165,PKG2003,패키징공학양론,서종철,전필,3,절대평가
4124166,PKG2004,물적유통,이강대,전선,5,절대평가
4124167,PKG2010,패키징유기화학,고성혁,전선,5,절대평가
4124168,PKG3001,플라스틱패키징재료학및실험,"""이윤석","고성혁""",전필,0
4124169,PKG3004,패키징역학및실험,이윤석,전선,4,절대평가
4124170,PKG3005,패키징자동화,고성혁,전선,0,절대평가
4124171,PKG3016,식품패키징학실무,이윤석,전선,0,절대평가
4124172,PKG3026,패키징개발및실습(캡스톤디자인),박인식,전필,0,"""FLIPPED CLASSROOM"
4124173,PKG4021,패키징인턴십(1),박인식,전선,0,P/NP
4124174,PKG4022,패키징인턴십(2),박인식,전선,0,P/NP
4124175,PKG4023,패키징인턴십(3),박인식,전선,0,P/NP
4124176,PKG4024,패키징인턴십(4),박인식,전선,0,P/NP
4124177,PKG4025,학부연구(1),고성혁,전선,0,P/NP
4124178,PKG4026,학부연구(2),고성혁,전선,0,P/NP
4124179,PKG4027,학부연구(3),고성혁,전선,0,P/NP
4124180,PKG4028,학부연구(4),고성혁,전선,0,P/NP
4124181,PKG3024,패키징신소재LTM캡스톤디자인,박인식,전선,0,절대평가
4124182,PKG3028,MEDICI 장기 현장실습,박인식,전선,0,P/NP
4124183,PKG3025,신패키징기술,"""이윤석",박수일,이강대,"고성혁"""
4124184,PKG4016,특수패키징학,이강대,전선,5,절대평가
4124185,PKG4020,패키징품질관리,박수일,전선,4,절대평가
4124186,ITD3008,윈도우프로그래밍,임효상(담당교수변경예정),전선,0,상대평가
4124187,ITD2004,객체지향프로그래밍,임효상(담당교수변경예정),전선,0,상대평가
4124189,ITD2007,Unix시스템,윤상균,전선,3.8,상대평가
4124190,ITD4024,SODO학부연구(1),임효상,전선,0,P/NP
4124191,ITD3022,SW인턴십(1),임효상(담당교수변경예정),전선,0,P/NP
4124192,ITD3023,SW인턴십(2),임효상(담당교수변경예정),전선,0,P/NP
4124193,ITD3024,SW인턴십(3),최병관,전선,0,P/NP
4124194,ITD3025,SW인턴십(4),최병관,전선,0,P/NP
4124195,ITD3027,SW장기인턴십(2),최병관,전선,0,P/NP
4124196,ITD3028,SW장기인턴십(3),최병관,전선,0,P/NP
4124197,ITD3029,산학공동프로젝트,"""나동열",석정봉,남영광,윤상균
4124198,ITD3030,융합캡스톤디자인,최병관,전선,0,절대평가
4124199,ITD4022,학부연구(1),"""나동열",석정봉,남영광,윤상균
4124200,ITD3026,SW장기인턴십(1),최병관,전선,0,P/NP
4124202,ITD4010,컴퓨터네트워크,석정봉,전선,2.71,절대평가
4124203,ITD4011,임베디드시스템,윤상균,전선,3.36,절대평가
4124204,CSE2003,데이타구조론,나동열,전필,2.54,
4124205,CSE3003,프로그래밍언어구조론,남영광,전필,3.7,상대평가
4124206,ITD3001,운영체제,윤상균,전필/전선,4.23,상대평가
4124207,ITD3002,컴퓨터구조론,김종현,전필/전선,4.1,상대평가
4124208,CSE3008,확률및랜덤변수,석정봉,전선/전필,3.64,상대평가
4124209,CSE4005,컴파일러설계,나동열,전선,2.8,절대평가
4124210,CSE4006,병렬처리론,김종현,전선,4.36,절대평가
4124211,ICE2003,회로이론,서광덕,전필,4.63,상대평가
4124212,ICE3002,통신시스템,김재권,전필,4.75,절대평가
4124213,CSE2003,데이타구조론,홍정희,전선,0,
4124214,BST3001,생화학,윤성식,전필,3.48,
4124215,BST4001,생명과학특강,김수환,전선,0,
4124216,BST4010,고급생명과학실험법,박준수,전선,5,
4124217,BST4015,세포및분자생물학실험,"""배기호","박준수""",전선,0
4124218,YHC1001,글쓰기,이혜진,공기,4.72,절대평가
4124219,BST2001,세포생물학,박준수,전필,4.83,
4124221,BST2003,동물생리학,공인덕,전필,0,
4124222,BST2005,유기화학,윤성식,전선,3.9,
4124223,BST3130,생명과학실험,가학현,전필,0,
4124224,BST4017,인턴십프로그램(1),박준수,전선,0,P/NP
4124225,BST4018,인턴십프로그램(2),박준수,전선,0,P/NP
4124226,BST4019,인턴십프로그램(3),박준수,전선,0,P/NP
4124227,BST4020,인턴십프로그램(4),박준수,전선,0,P/NP
4124231,BST4022,생명과학기술캡스톤디자인,박송용,전선,0,
4124232,BST3145,MEDICI 장기 현장실습,박준수,전선,0,P/NP
4124234,BST3009,생물계통분류학,한호연,전선,3.75,
4124236,BST3017,유전체정보학,김수환,전선,0,
4124237,BST3021,식물생장과분자생리,김수환,전선,4.08,
4124238,BST3025,진화생물학,한호연,전선,3.75,
4124239,BST3027,노화생물학,박준수,전선,4,
4124240,BST3028,신경과학,배기호,전선,0,
4124241,BST3127,면역학,김택중,전선,3.25,
4124242,BST3103,토양자원학및실험,이상수,전선,0,
4124243,BST3105,동물생식학,가학현,전선,3.67,
4124244,BST3112,식품위생학,정건섭,전선,4,
4124245,BST3121,생물공학,박준수(담당교수 변경예정),전선,0,
4124246,BST3138,유전공학,가학현,전선,0,
4124247,BST3143,바이오의약품,홍민선,전선,3,
4124248,DSE3001,공학기초,최태근,전선,0,절대평가
4124249,DSE3002,논리회로설계,이동욱,전선,0,절대평가
4124250,DSE3003,물리전자공학,조상완,전선,0,절대평가
4124251,DSE3004,전자기학 1,김선명,전선,0,절대평가
4124252,DSE3005,테크노경영학,노전표,전선,0,절대평가
4124253,DSE3011,고체물성 1,이명희,전선,0,절대평가
4124254,DSE3012,광전자공학,황종승,전선,0,절대평가
4124255,DSE3013,데이터통신,석정봉,전선,1.82,절대평가
4124256,DSE3014,반도체공정,서종철,전선,0,절대평가
4124257,DSE3015,반도체재료공학,서지원,전선,0,절대평가
4124258,DSE4001,캡스톤디자인(1),최종원,전선,0,절대평가
4124259,DIE3001,테크노경영학,이종민,전선,0,절대평가
4124260,DIE3002,OR(1),강현곤,전선,0,절대평가
4124261,DIE3003,E-비즈니스,송용욱,전선,2.07,절대평가
4124262,DIE3004,기술혁신론,이선로,전선,0,절대평가
4124263,DIE3005,품질관리,하은호,전선,0,절대평가
4124264,DIE3011,시스템경영공학,김동윤,전선,0,절대평가
4124265,DIE3013,제조프로세스혁신론,박우진,전선,0,절대평가
4124266,DIE3014,ERP,(강사채용예정),전선,0,절대평가
4124267,DIE3015,공급체인관리,김영대,전선,0,절대평가
4124268,DIE3020,경제성공학,장운욱,전선,0,절대평가
4124269,DIE4001,캡스톤디자인(1),최종원,전선,0,절대평가
4124270,MGT3014,기업금융론,장운욱,전선,4.63,절대평가
4124271,MGT3018,관리회계,박주형,전선,5,절대평가
4124272,MGT3032,인간관계론,박지혜,전선,0,절대평가
4124273,MGT3070,금융시장론,전기석,전선,3.96,절대평가
4124274,MGT3072,보험론,장운욱(담당교수 변경예정),전선,0,절대평가
4124275,MGT3089,경제와기업경영,권명중,전선,4.56,절대평가
4124276,MGT3090,공공기관NCS의이해,박민제,전선,4.38,절대평가
4124277,MGT2007,조직행동론,윤방섭,전필,3.67,절대평가
4124278,MGT2007,조직행동론,최성원,전필,3.42,"""영어강의"
4124279,MGT3048,마케팅,노전표,전필,3.69,"""FLIPPED CLASSROOM"
4124280,MGT3048,마케팅,오상도,전필,2.64,"""영어강의"
4124281,MGT2001,경영통계,강현곤,전선,2,"""영어강의"
4124282,MGT2001,경영통계,민병서,전선,4.74,절대평가
4124284,MGT2008,경영과학,강현곤,전선,2.5,절대평가
4124285,MGT2008,경영과학,(강사채용예정),전선,0,절대평가
4124287,MGT2014,창업론,이주헌,전선,2.62,절대평가
4124288,MGT3049,경영정보시스템,이선로,전선,3.62,절대평가
4124289,MGT3049,경영정보시스템,정유진,전선,4.78,절대평가
4124291,MIS3030,e-비즈니스,송용욱,전선,2.07,"""FLIPPED CLASSROOM"
4124292,YHJ1001,중국의이해(1),장경매,필교,3.94,절대평가
4124293,YHJ1001,중국의이해(1),홍휘상,필교,4.27,절대평가
4124294,YHJ1001,중국의이해(1),장경매,필교,3.94,절대평가
4124295,MGT3027,광고론,오상도,전선,2.9,절대평가
4124296,MGT3092,핀테크경영,송용욱,전선,0,절대평가
4124297,MGT3016,재무관리,김창수,전필,3.59,"""영어강의"
4124298,MGT3016,재무관리,장운욱(담당교수 변경예정),전필,0,"""영어강의"
4124299,MGT3016,재무관리,전기석,전필,3.36,"""영어강의"
4124300,MGT3011,원가회계,조은혜,전선,4.71,절대평가
4124301,MGT3012,기업과사회,제갈철,전선,3.13,절대평가
4124302,MGT3013,인적자원관리,최성원,전선,3.85,"""영어강의"
4124303,MGT3013,인적자원관리,박지혜,전선,4.58,절대평가
4124304,MGT3019,마케팅전략,노전표,전선,4,"""영어강의"
4124305,MGT3023,경영전략,김희선,전선,3.71,절대평가
4124306,MGT3024,경영혁신론,이선로,전선,5,절대평가
4124307,MGT3028,투자론,김인수,전선,4.5,절대평가
4124308,MGT3051,중급회계(1),박우진,전선,4.8,절대평가
4124309,MGT3052,중급회계(2),홍시운,전선,4.67,절대평가
4124310,MGT3056,무역실무,남충모,전선,4.67,절대평가
4124311,MGT3062,세무회계(1),송기홍,전선,2.67,절대평가
4124313,MGT4010,경영리더십,윤방섭,전선,2,절대평가
4124314,MGT4028,의사결정과정보기술(캡스톤디자인),황성훈,전선,0,절대평가
4124315,MGT4030,재무제표분석과가치평가,박창래,전선,1.5,절대평가
4124316,MGT4054,비영리회계,정병수,전선,0,절대평가
4124317,MIS3006,비즈니스프로그래밍,송용욱,전선,3.45,"""FLIPPED CLASSROOM"
4124318,MGT3044,운영관리,(강사채용예정),전필,0,절대평가
4124319,MGT3044,운영관리,권은영,전필,4.31,절대평가
4124322,MGT3047,관리회계원리,최종원,전선,4.61,절대평가
4124323,MGT3047,관리회계원리,조은혜,전선,4.33,절대평가
4124324,MGT3047,관리회계원리,박주형,전선,4.57,절대평가
4124325,MGT3073,채용과인사에관한법률과실무,윤동욱,전선,4.59,절대평가
4124326,MGT3076,기업가정신,배병윤,전선,2,절대평가
4124328,MGT3085,프로페셔널커뮤니케이션,김보경,전선,4,절대평가
4124329,MGT3087,글로벌직무실습,김창수,전선,5,P/NP
4124330,MGT3094,호스피탈리티서비스매니지먼트,장운욱(담당교수 변경예정),전선,0,"""영어강의"
4124331,MGT3095,식스시그마경영,민병서,전선,5,절대평가
4124332,MGT4003,글로벌마케팅,오해동,전선,0,절대평가
4124333,MGT4022,디자인 씽킹을 통한 신상품개발,이선로,전선,3.2,절대평가
4124334,MGT4036,창업마케팅,장운욱(담당교수 변경예정),전선,0,절대평가
4124335,MGT4037,창업캡스톤디자인,김현주,전선,0,절대평가
4124336,MGT4040,현대파생상품시장,장운욱,전선,4.38,절대평가
4124337,MGT4041,해외봉사및연구,조인숙,전선,5,P/NP
4124338,MGT4047,사업계획서작성법,박상호,전선,0,절대평가
4124339,MGT4049,창업실무,박희성,전선,0,절대평가
4124340,MGT3077,MEDICI 장기 현장실습,장운욱,전선,0,P/NP
4124342,MGT3098,금융분석프로그래밍,이태정,전선,0,절대평가
4124343,MGT4017,전략경영컨설팅,오민정,전선,4.29,절대평가
4124344,MGT4024,기업지배구조와회계,최종원,전선,4.73,"""FLIPPED CLASSROOM"
4124345,MGT3099,글로벌리더십,김형종,전선,0,P/NP
4124346,ECN2001,미시경제학,유정식,전필,3.86,절대평가
4124347,ECN2002,거시경제학,이태정,전필,4,절대평가
4124348,ECN2010,사회과학도를위한수학,정민수,전선,3.71,절대평가
4124349,ECN3001,게임이론,이태정,전선,4.1,절대평가
4124350,ECN3002,산업조직론,권명중,전선,4.29,절대평가
4124351,ECN3009,국제경제학,김성훈,전선,4,"""영어강의"
4124352,ECN3016,노동경제학,조인숙,전선,4.58,"""영어강의"
4124353,ECN3032,원서강독,권명중,전선,4.58,"""영어강의"
4124354,ECN3032,원서강독,선안드레아,전선,0,"""영어강의"
4124355,ECN3037,지식경제학,배홍식,전선,2.71,절대평가
4124356,ECN3038,시장경제의원리,양준모,전선,3.75,절대평가
4124357,ECN3039,동아시아경제성장론,이태정,전선,3,"""영어강의"
4124358,ECN3074,경제와기업경영,권명중,전선,4.56,절대평가
4124359,ECN3075,공공기관NCS의이해,박민제,전선,4.38,절대평가
4124360,ECN4002,계량경제학,정민수,전선,4,"""영어강의"
4124361,ECN4004,재무경제학,양준모,전선,3.19,절대평가
4124362,ECN4008,아시아금융론,현석,전선,0,절대평가
4124363,ECN4012,산업전략분석론(캡스톤디자인),박천일,전선,1.56,절대평가
4124364,ECN3041,경제학의쟁점,신준호,일반,4.58,절대평가
4124365,ECN2012,재무회계원리,홍시운,전선,3.83,절대평가
4124366,ECN3080,경제사개설,이창근,전선,4.83,절대평가
4124367,ECN3081,부동산경제론,김선덕,전선,4.87,절대평가
4124368,ECN3083,설문조사설계와설문데이터분석,이태정,전선,0,절대평가
4124369,ECN3084,행동경제학입문,유정식,전선,0,절대평가
4124370,ECN3085,비즈니스프로그래밍,송용욱,전선,3.45,절대평가
4124371,ECN3086,핀테크개론,송용욱,전선,0,절대평가
4124372,ECN3046,산업인턴십(1),박천일,전선,0,
4124373,ECN3047,산업인턴십(2),박천일,전선,0,
4124374,ECN3048,산업인턴십(3),박천일,전선,0,
4124375,ECN3049,산업인턴십(4),박천일,전선,0,
4124376,ECN3024,법과경제,방병국,전선,3.76,절대평가
4124377,ECN3061,비용편익분석론,이남수,전선,3,절대평가
4124378,ECN3072,글로벌직무실습,김창수,전선,5,P/NP
4124379,ECN4013,해외봉사및연구,조인숙,전선,5,절대평가
4124380,ECN3082,금융분석프로그래밍,이태정,전선,0,절대평가
4124381,ECN3087,글로벌리더십,김형종,전선,0,P/NP
4124382,IDC3001,글로벌거버넌스와국제협력,김인,전선,3.14,절대평가
4124383,IDC3012,"""반부패", 윤리," 거버넌스""",(신임교원채용예정),전선
4124384,IDC3020,경제와기업경영,권명중,전선,4.56,절대평가
4124385,IDC3021,공공기관NCS의이해,박민제,전선,4.38,절대평가
4124386,IDC3025,사회적경제와지역개발,박주희,전선,0,절대평가
4124387,PAD3003,행정법(1),정금례,전선,4.25,절대평가
4124388,PAD3007,복지정책론,정무권,전선,3.18,절대평가
4124389,PAD3013,조직론,한상일,전선,3.44,절대평가
4124390,PAD3024,공기업론,최무현,전선,2.86,절대평가
4124391,PAD3025,도시행정론,유광수,전선,2.94,절대평가
4124392,PAD3028,기획론,김한석,전선,0,절대평가
4124393,PAD3035,헌법과행정(2),정금례,전선,4,절대평가
4124394,PAD3047,자료해석과행정학,박민제,전선,0,절대평가
4124395,PAD4003,행정학세미나,배득종,전선,4.33,"""FLIPPED CLASSROOM"
4124396,PAD4009,재정분석론,배득종,전선,4.83,"""FLIPPED CLASSROOM"
4124397,IDC2001,국제개발협력의 이해,김인,전선,3.62,절대평가
4124398,IDC4017,SODO학부연구(1),한상일,전선,0,
4124399,IDC4018,SODO학부연구(2),한상일,전선,0,
4124400,IDC3024,Y-GENT장기현장실습,김창수,전선,0,P/NP
4124401,IDC4011,글로벌행정현장실습(1),한상일,전선,0,
4124402,IDC4012,글로벌행정현장실습(2),한상일,전선,0,
4124403,IDC4013,글로벌행정현장실습(3),한상일,전선,0,
4124404,IDC4014,글로벌행정현장실습(4),한상일,전선,0,
4124405,IDC3018,글로벌직무실습,김창수,전선,5,P/NP
4124406,IDC4006,세계보건문제와국제개발,이서현,전선,4,"""영어강의"
4124407,IDC4015,해외봉사및연구,조인숙,전선,5,절대평가
4124408,PAD3008,정보통신정책론,김한석,전선,3.7,"""영어강의"
4124409,PAD4015,산·관·학협력과캡스톤디자인(1),김한석,전선,3,절대평가
4124410,PAD3049,MEDICI 장기 현장실습,한상일,전선,0,
4124411,IDC3026,글로벌리더십,김형종,전선,0,P/NP
4124412,PAD3045,북한정치와정책및한반도평화,김일수,전선,0,절대평가
4124413,INT2015,국제법,(강사채용예정),전선,0,절대평가
4124414,INT3004,현대정치이론,이인성,전선,4.6,절대평가
4124415,INT3006,국제지역비교연구,이인성,전선,0,절대평가
4124416,INT3007,미국의대외관계,홍건식,전선,0,절대평가
4124417,INT3008,동북아정치경제,홍건식,전선,4.33,절대평가
4124418,INT3013,한국의국제관계,(강사채용예정),전선,0,절대평가
4124419,INT3035,국제관계사,천자현,전선,4,절대평가
4124420,INT3036,외교정책론,(강사채용예정),전선,0,절대평가
4124421,INT3048,중국외교정책,정해정,전선,5,절대평가
4124422,INT3051,남북한 관계론,하상섭,전선,4.43,"""영어강의"
4124423,INT3063,경제와기업경영,권명중,전선,4.56,절대평가
4124424,INT3064,공공기관NCS의이해,박민제,전선,4.38,절대평가
4124425,YHL1003,국제지역정보분석,이규정,필교,0,절대평가
4124426,INT3072,유럽의정치경제,박성호,전선,0,"""영어강의"
4124427,INT3067,동아시아안보와국제정치,하상섭,전선,0,절대평가
4124428,INT3044,국제관계인턴십 1,김형종,전선,0,P/NP
4124429,INT3045,국제관계인턴십 2,김형종,전선,0,P/NP
4124430,INT3046,국제관계인턴십 3,김형종,전선,0,P/NP
4124431,INT3047,국제관계인턴십 4,김형종,전선,0,P/NP
4124432,INT3027,비교정치체제론,이규정,전선,5,절대평가
4124433,INT3061,글로벌직무실습,김창수,전선,5,P/NP
4124434,INT4023,해외봉사및연구,조인숙,전선,5,절대평가
4124435,INT3054,MEDICI 장기 현장실습,김형종,전선,0,P/NP
4124436,INT4032,국제지역연구인턴십(Y-GENT),김형종,전선,0,P/NP
4124437,INT3077,글로벌리더십,김형종,전선,0,P/NP
4124438,INT3071,동아시아협력과공공외교,김형종,전선,0,"""영어강의"
4124439,INT4008,공공외교이론과실제,김형종,전선,0,절대평가
4124440,YHM1004,의학용어(1),김상미,전필,4.5,절대평가
4124441,YHM2001,의료경영학,서영준,전필,0,"""FLIPPED CLASSROOM"
4124442,YHM2004,병원통계,이해종,전필,4.4,절대평가
4124443,YHM3051,보건행정학,정형선,전필,4.33,절대평가
4124444,YHM1003,병리학개론,조원길,전선,4.74,절대평가
4124445,YHM2005,의무기록학,김상미,전선,5,절대평가
4124446,YHM2008,의료관계법규,박명배,전선,0,절대평가
4124447,YHM3052,역학,유기봉,전선,4.5,절대평가
4124448,YHM2011,조사방법론,진기남,전선,5,"""FLIPPED CLASSROOM"
4124449,YHM3003,지역사회보건,남은우,전선,3,절대평가
4124450,YHM3007,질병분류실습,이근신,전선,0,절대평가
4124451,YHM3009,보건의료DB론,유기봉,전선,3.25,"""영어강의"
4124452,YHM3022,병원전략경영론,이광수,전선,0,절대평가
4124453,YHM3037,보건교육학,남은우,전선,0,절대평가
4124454,YHM3038,보건교육방법,박명배,전선,0,절대평가
4124455,YHM3040,의료관광학,진기남,전선,0,"""FLIPPED CLASSROOM"
4124456,YHM4003,의무기록실습,이광수,전선,0,절대평가
4124457,YHM4009,보건계량의사결정론,이해종,전선,0,절대평가
4124458,BML2006,세포생물학,이연경,전필,0,절대평가
4124459,BML3006,생리학,정성우,전필,3.93,절대평가
4124460,BML2004,미생물학(1),김종배,전선,2.86,절대평가
4124461,BML3014,생화학,김태우,전선,3.31,절대평가
4124462,BML3041,진단조직학및실험(종합설계),이기종,전선,4.71,절대평가
4124463,BML3007,임상화학및실험(1),김태우,전필,4.17,절대평가
4124464,BML3008,임상미생물학및실험(1),김종배,전필,4.5,절대평가
4124465,BML3038,감염병학,전보영,전필,2.5,절대평가
4124466,BML3004,임상바이러스학,이혜영,전선,4.2,절대평가
4124467,BML4016,진단혈액학및실험,김윤석,전선,4.56,절대평가
4124468,BML3033,임상병리현장실습(1),김종배,전선,0,P/NP
4124469,BML3035,임상병리현장실습(2),김종배,전선,0,P/NP
4124470,BML3036,임상병리현장실습(3),김종배,전선,0,P/NP
4124471,BML3037,임상병리현장실습(4),김종배,전선,0,P/NP
4124472,BML4021,학부연구(1),김종배,전선,0,P/NP
4124473,BML4022,학부연구(2),김종배,전선,0,P/NP
4124474,BML4023,학부연구(3),김종배,전선,0,P/NP
4124475,BML4024,학부연구(4),김종배,전선,0,P/NP
4124476,BML3043,MEDICI 장기 현장실습,김종배,전선,0,P/NP
4124477,BML3019,임상병리학실습(1),김종배,전선,0,절대평가
4124478,BML3020,임상병리학실습(2),김종배,전선,0,절대평가
4124479,BML3042,병원감염관리학,전보영,전선,4,절대평가
4124480,BML3048,법의학,(비전임채용예정),전선,0,절대평가
4124481,BML3049,임상생리학(2),황수미,전선,0,절대평가
4124482,BML4017,분자진단학및실험,이혜영,전선,4.67,절대평가
4124483,YPT2014,생리학,정성우,전필,3.93,절대평가
4124484,YPT2003,전기및광선치료학(1),최우철,전선,2,"""영어강의"
4124486,YPT2008,기능해부학,조상현,전선,4.75,절대평가
4124487,YPT2012,심리학의이해,정병록,전선,5,절대평가
4124488,YPT2013,의료법규및행정,심연주,전필,0,절대평가
4124489,YPT3002,측정및평가,임원빈,전필,0,절대평가
4124491,YPT3038,재활의학,조상현,전필,4.57,절대평가
4124492,YPT3024,약리학,최재원,전선,0,절대평가
4124493,YPT3026,보조기및의수족,최우철,전선,5,"""영어강의"
4124494,YPT2001,기초운동치료학,권오윤,전선,2.6,절대평가
4124495,YPT3027,영상진단학,권우철,전선,2,절대평가
4124496,YPT3004,근골격계 물리치료 진단과 중재 II,권오윤,전필,0,절대평가
4124497,YPT3019,심호흡계물리치료학,신헌석,전필,0,절대평가
4124499,YPT3020,질환별물리치료학,전혜선,전필,0,절대평가
4124500,YPT3025,신경계 물리치료 진단과 중재 II,임원빈,전필,0,절대평가
4124502,YPT4007,현장실습(2),최우철,전선,0,절대평가
4124503,YPT4008,물리치료캡스톤디자인(2),이충휘,전선,0,절대평가
4124504,YPT3021,기초물리치료임상실습(2),최우철,전선,0,절대평가
4124505,YPT3039,연구방법론,이충휘,전선,0,"""FLIPPED CLASSROOM"
4124506,YOT2002,심리학의이해,박지혁(담당교수변경예정),전선,0,절대평가
4124507,YOT3007,작업치료기능해부학,박지혁(담당교수변경예정),전선,0,"""FLIPPED CLASSROOM"
4124508,YOT3012,재활학,김선호,전선,0,절대평가
4124509,YOT3033,아동발달,박지혁(담당교수변경예정),전선,0,절대평가
4124510,YOT3035,작업치료학개론,정민예,전선,0,절대평가
4124511,YOT3015,작업치료도구,박지혁(담당교수변경예정),전필,0,절대평가
4124512,YOT3009,아동작업치료학,박혜연,전필,3.83,절대평가
4124514,YOT3014,감각처리장애와중재,유은영,전필,3.33,절대평가
4124516,YOT3023,근골격계작업치료학,박지혁,전필,3,"""FLIPPED CLASSROOM"
4124518,YOT3020,정신건강개론,김태희,전선,0,절대평가
4124519,YOT3046,감각재활현장실습,박지혁,전선,0,P/NP
4124520,YOT4014,지역사회작업치료실습,박지혁,전선,0,P/NP
4124521,YOT3005,보조공학,김종배,전필,0,절대평가
4124522,YOT3028,노인작업치료학,유은영,전필,0,절대평가
4124524,YOT3038,보건통계학,이서현,전필,0,절대평가
4124525,YOT2003,의료법규및행정,박혜연,전선,0,절대평가
4124526,YOT4013,작업치료캡스톤 디자인,정민예,전선,0,절대평가
4124527,YOT4007,작업치료학임상수련(1),박지혁,전선,0,P/NP
4124528,YOT4008,작업치료학임상수련(2),박지혁,전선,0,P/NP
4124529,RAD2003,방사선물리학,조효성,전필,3.5,절대평가
4124530,RAD2014,방사선응용수학,한봉수,전필,3.5,절대평가
4124531,RAD2017,방사선학개론및실험,"""김희중",조효성,한봉수,정용현
4124532,RAD2018,전기전자공학및실험,서창우,전선,4.5,절대평가
4124533,RAD2019,의료산업개론,이용천,전선,2,절대평가
4124534,RAD3041,방사선기기학및실험,강원석,전선,5,절대평가
4124535,RAD3034,CT영상학및실험,김희중,전필,0,절대평가
4124536,RAD3035,MR영상학및실험,한봉수,전필,0,절대평가
4124537,RAD3046,방사선계측및실험,민철희,전필,0,절대평가
4124538,RAD3027,방사선안전관리학,정용현,전선,0,절대평가
4124539,RAD3033,방사선일반촬영학,정용현(이동훈 신임교수로 변경예정),전선,0,절대평가
4124540,RAD3055,창의적방사선과학(캡스톤디자인),"""김희중",조효성,한봉수,정용현
4124541,RAD3051,의료영상판독,권우철,전선,0,절대평가
4124542,RAD3054,방사선응용프로그래밍(2),서창우,전선,0,절대평가
4124543,RAD4021,방사선학현장실습(2),서창우,전선,0,절대평가
4124544,RAD4025,방사선학현장실습(1),서창우,전선,0,절대평가
4124545,RAD4032,원자력공학개론,정용현,전선,5,절대평가
4124546,ENE2003,환경양론,박병규,전필,4.08,상대평가
4124547,ENE2003,환경양론,윤여준,전필,4,상대평가
4124548,ENS2002,환경분석및실험,정형근,전필,2.53,절대평가
4124549,ENC3030,환경자료분석개론,이태권,전선,5,절대평가
4124551,ENE2001,환경미생물학및실험,정태영,전선,3.27,절대평가
4124552,ENE3022,GT융합설계,최항석,전선,3.83,절대평가
4124553,ENS3022,환경열역학,조승연,전필,2.82,절대평가
4124554,ENC3007,환경기기분석,김성헌,전선,4.33,절대평가
4124555,ENC3010,환경계획,이무춘,전선,2.27,절대평가
4124556,ENE3015,환경공학실험Ⅰ,최항석,전선,1,절대평가
4124557,ENE3015,환경공학실험Ⅰ,박동희,전선,0,절대평가
4124558,ENE3015,환경공학실험Ⅰ,김성헌,전선,4,절대평가
4124559,ENC4003,ET 현장실습(1),정태영,전선,0,P/NP
4124560,ENC4004,ET 현장실습(2),정태영,전선,0,P/NP
4124561,ENC4005,ET 현장실습(3),정태영,전선,0,P/NP
4124562,ENC4006,ET 현장실습(4),정태영,전선,0,P/NP
4124563,ENC3028,그린캡스톤디자인,노성철,전선,1,절대평가
4124564,ENE3026,MEDICI 장기 현장실습,박동희,전선,0,P/NP
4124565,ENC3009,논문,박동희,전필,4.5,P/NP
4124566,ENC3035,세미나,이상수,전필,4.82,P/NP
4124567,ENE3027,환경보전공학,이상수,전선,5,절대평가
4124568,ENE4001,대기오염방지공학,서용칠,전선,3.5,절대평가
4124569,ENE4003,환경공학설계,노수홍,전선,5,절대평가
4124570,ENE4004,환경생명공학,이태권,전선,5,절대평가
4124571,ENS3021,수환경모델,정태영,전선,4,절대평가
4124572,ENS4002,진동방지공학및실험,박상규,전선,4.5,절대평가
4124573,ENE3004,상수도공학,윤여준,전선,3.75,"""영어강의"
4124574,ENS3010,실내공기오염제어,조승연,전선,3,절대평가
4124575,ENC3002,수치해석,노성철,전선,3.75,절대평가
4124576,ENE3018,에너지환경공학,노현석,전선,5,"""영어강의"
4124577,ENS3026,에너지소재공학,전유권,전선,0,절대평가
4124578,MBE2004,회로이론,김동윤,전필,3.93,"""FLIPPED CLASSROOM"
4124579,MBE2004,회로이론,신태민,전필,0,절대평가
4124580,MBE2020,바이오공학,양세정,전필,5,절대평가
4124581,MBE2020,바이오공학,기재홍,전필,5,절대평가
4124582,MBE2022,기초실험(1),김동윤,전필,5,절대평가
4124583,MBE2022,기초실험(1),이경중,전필,4.4,절대평가
4124584,YHL1015,컴퓨터프로그래밍,신태민,필교,2.5,상대평가
4124585,YHL1015,컴퓨터프로그래밍,양세정,필교,5,상대평가
4124586,MBE3053,의공종합설계실험1,이용흠,전필,3.5,절대평가
4124587,MBE3053,의공종합설계실험1,김한성,전필,4.5,절대평가
4124588,MBE3053,의공종합설계실험1,김지현,전필,0,절대평가
4124589,MBE2003,인체생리학,공인덕,전선,1,절대평가
4124590,MBE3019,의료영상학1,김동윤,전선,4.5,"""FLIPPED CLASSROOM"
4124591,MBE3029,디지탈신호처리,윤영로,전선,1.29,절대평가
4124592,MBE3037,생체역학,김영호,전선,3.63,절대평가
4124593,MBE3040,세포생물학,이세영,전선,0,절대평가
4124594,MEE3014,의료전자시스템,이용흠,전선,0,절대평가
4124595,MRE4005,가상생체해석및실험,김한성,전선,2,절대평가
4124596,MBE3041,기업실무(1),이세영,전선,0,P/NP
4124597,MBE3042,기업실무(2),이세영,전선,0,P/NP
4124598,MBE3043,기업실무(3),이세영,전선,0,P/NP
4124599,MBE3044,기업실무(4),이세영,전선,0,P/NP
4124600,MBE4013,학부연구(1),이세영,전선,0,P/NP
4124601,MBE4014,학부연구(2),이세영,전선,0,P/NP
4124602,MBE4015,학부연구(3),이세영,전선,0,P/NP
4124603,MBE4016,학부연구(4),이세영,전선,0,P/NP
4124605,MBE3057,국내의료기기인허가,윤영로,전선,0,절대평가
4124606,MBE3051,캡스톤디자인1,이세영,전필,0,절대평가
4124607,MBE3030,의용계측,이경중,전선,5,절대평가
4124608,MEE4004,의광학응용,정병조,전선,0,"""영어강의"
4124610,MRE4006,동작분석,김영호,전선,3.5,절대평가
4124611,MRE4010,신경공학,김경환,전선,0,절대평가
4124612,PHB3001,생체역학,최우철,전선,0,상대평가
4124613,PHB3002,심호흡계물리치료학,이충휘,전선,0,상대평가
4124614,PHB3003,재활심리학,심연주,전선,0,상대평가
4124615,PHB3004,재활의학특론,황의재,전선,0,상대평가
4124616,PHB3005,재활기술방법,박주희,전선,0,상대평가
4124617,PHC3001,바이러스학,전보영,전선,0,절대평가
4124618,PHC3003,세포생물학,이연경,전선,0,절대평가
4124619,PHC3005,임상생화학(1),김태우,전선,0,절대평가
4124620,PHC3033,의학용어,김윤석,전선,5,절대평가
4124621,PHC4004,세미나,김윤석,전선,0,절대평가
4124622,DPH3039,삶에약이되는약이야기,,일반,5,절대평가
4124623,DPH3051,소셜 미디어 시대의 인터넷 활용,,일반,0,절대평가
4124624,YHB1005,성서와기독교,조규오,공기,3.82,절대평가
4124625,PHB3006,스포츠물리치료학,김정수,전선,0,상대평가
4124626,PHB3007,응용운동치료학,김정수,전선,0,상대평가
4124627,PHB3008,정형물리치료학,권오윤,전선,0,상대평가
4124628,PHB3009,중추신경계물리치료,박주희,전선,0,상대평가
4124629,PHB3018,운동생리학,박주희,전선,0,상대평가
4124630,PHB4002,물리치료세미나(2),황의재,전선,0,상대평가
4124631,PHC3006,미생물학(1),김종배,전선,2.86,절대평가
4124632,PHC3007,분자생물학,김태우,전선,0,절대평가
4124633,PHC3010,혈청학,이기종,전선,0,절대평가
4124634,PHC3025,임상병리실험학,(강사채용예정),전선,0,절대평가
4124635,PHC3028,기능조직학,이기종,전선,0,절대평가
4124636,PHC3032,분자진단검사학,백아름,전선,0,절대평가
4124637,DPH3059,질병과건강관리,,일반,0,절대평가
4124638,EIC1036,INTRODUCTION TO CULTURAL STUDIES,틸란드바니,필교,4,"""영어강의"
4124639,EIC1038,INTRODUCTION TO BUSINESS MANAGEMENT,(강사채용예정),필교,0,"""영어강의"
4124640,EIC1039,INTRODUCTION TO INTERNATIONAL RELATIONS,천자현,필교,0,"""영어강의"
4124641,EIC3339,DIVERSITY AND CONVERGENCE IN EAST ASIA,"""김형종",주현호,"틸란드바니""",전선
4124642,EIC3348,ICT POLICY,김한석,전선,0,"""영어강의"
4124643,EIC1010,CHINESE LANGUAGE(3),권혜진,교기,0,"""원어강의"
4124644,EIC1014,JAPANESE LANGUAGE(3),가쓰라가와토모코,교기,5,"""원어강의"
4124645,EIC3340,EIC INTERNSHIP(1),주현호,전선,0,P/NP
4124646,EIC3341,EIC INTERNSHIP(2),주현호,전선,0,P/NP
4124647,EIC3342,EIC INTERNSHIP(3),주현호,전선,0,P/NP
4124648,EIC3343,EIC INTERNSHIP(4),주현호,전선,0,P/NP
4124649,EIC3347,CONTEMPORARY THEORIES OF JUSTICE,이양수,전선,0,"""영어강의"
4124650,EIC3003,EAST ASIAN ECONOMIC SYSTEMS,(강사채용예정),전필,0,"""영어강의"
4124651,EIC3201,MICROECONOMICS,(강사채용예정),전필,0,"""영어강의"
4124652,EIC3219,MARKETING,윤세정,전선,4,"""영어강의"
4124653,EIC4201,SPECIAL TOPICS IN EAST ASIAN ECONOMY,현석,전선,5,"""영어강의"
4124654,EIC3215,CONTEMPORARY ISSUES IN EAST ASIAN BUSINE,윤세정,전선,0,"""영어강의"
4124655,EIC3217,EAST ASIAN ECONOMIC GROWTH,이태정,전선,0,"""영어강의"
4124656,EIC3221,FINANCIAL MANAGEMENT,김창수,전선,0,"""영어강의"
4124657,EIC3334,LABOR ECONOMICS,조인숙,전선,0,"""영어강의"
4124658,EIC4305,ECONOMETRICS,정민수,전선,0,"""영어강의"
4124659,EIC3107,WOMEN AND GENDER IN ASIA,틸란드바니,전선,5,"""영어강의"
4124660,EIC3131,HISTORY OF KOREAN CIVILIZATION,주현호,전선,5,"""영어강의"
4124661,EIC3125,SOCIAL PHILOSOPHY,박정순,전선,0,"""영어강의"
4124662,EIC3129,CONTEMPORARY EUROPEAN STUDIES,박성호,전선,5,"""영어강의"
4124663,EIC4121,SPECIAL TOPICS IN EAST ASIAN CULTURES,주현호,전선,0,"""영어강의"
4124664,EIC3001,EAST ASIAN POLITICAL SYSTEMS,양향봉,전필,4,"""영어강의"
4124665,EIC3101,COMPARATIVE POLITICS & AREA STUDIES,양향봉,전필,4.5,"""영어강의"
4124666,EIC3102,INTERNATIONAL POLITICAL ECONOMY,조비연,전필,0,"""영어강의"
4124667,GED1006,언어와생활,김정한,전선,0,절대평가
4124668,GED1006,언어와생활,한한,전선,0,절대평가
4124669,GED1007,한국문화입문,서효진,전선,0,절대평가
4124670,GED1008,중급대학한국어,이수정,전선,0,절대평가
4124671,GED1009,언어와사회,이수정,전선,0,절대평가
4124672,GED1010,한국문화의이해,강민경,전선,0,절대평가
4124673,GED2001,고급대학한국어,한동진,전선,0,절대평가
4124674,GED2002,한국사회의이해,한동진,전선,0,절대평가
4124676,GED2003,한국사회세미나,한한,전선,0,절대평가
4124677,GED2004,글로벌사회문화,한한,전선,0,절대평가
4124678,GED2009,비즈니스 한국어,서효진,전선,0,절대평가
4124679,GED2010,경영학의이해,오민정,전선,0,절대평가
4124680,GED2021,텍스트커뮤니케이션,강민경,전선,0,절대평가
4124681,GED1001,초급영어Ⅰ,선안드레아,공기,0,절대평가
4124683,GED1002,초급영어Ⅱ,킨케이드클리포드,공기,0,절대평가
4124684,GED1003,중급영어Ⅰ,(강사채용예정),공기,0,절대평가
4124686,GED1004,중급영어Ⅱ,김성조,공기,0,"""영어강의"
4124687,GED1005,초급대학한국어,김정한,공기,0,절대평가
4124688,GED3063,한류와문화커뮤니케이션,박응석,전필,0,절대평가
4124689,GED3066,문화프로젝트관리,오민정,전필,0,절대평가
4124690,GED3054,저작권의이해,장경풍,전선,0,절대평가
4124691,GED3064,브랜드인문학,박응석,전선,0,절대평가
4124692,GED3067,문화사업데이터분석,오민정,전선,0,절대평가
4124693,GED3068,일본문화사,심희찬,전선,0,절대평가
4124694,GED3069,동아시아의대중문화와소비플랫폼의변화,이원진,전선,0,절대평가
4124695,GED3070,동아시아문화의디자인씽킹과브랜딩,이원진,전선,0,절대평가
4124704,YHY1004,디지털헬스케어,황수홍,일반,4.63,P/NP
4124705,YHY1005,할수있게하는4IR기술,황수홍,일반,3.33,P/NP
4124706,YHY1006,우주생명과학,황수홍,일반,0,P/NP
4124707,ILA3001,실전창업사례분석,김한석,일반,4.5,절대평가
4124708,ILA3002,창업비즈니스전략,이용천,일반,0,절대평가
4124709,ILA3003,스마트비즈니스창업,서창우,일반,0,절대평가
4124710,ILA3007,지식재산권의이해,노성철,일반,0,절대평가
4124711,ILA4002,융합창업프로젝트(1),강원석,일반,0,절대평가
4124712,ILA4003,의공창업프로젝트(1),박종욱,일반,0,절대평가
4124713,ENC3026,환경논리및논술,허정림,전선,0,절대평가
4124714,ECN3033,일반사회,신태진,전선,0,절대평가
4124715,QQM3002,통합사회교육론,송현정,전선,0,절대평가
4124716,TTM2005,교육봉사활동,고요한,교직,4.2,P/NP
4124717,TTM2001,교육학개론,김성학,교직,4,절대평가
4124718,TTM2002,교육철학및교육사,고요한,교직,4.85,절대평가
4124719,TTM2003,교육심리,김정민,교직,4.82,절대평가
4124720,TTM2004,교육사회,김성학,교직,4.83,절대평가
4124721,TTM2006,특수교육학개론,조현근,교직,3.71,절대평가
4124722,TTM2007,교직실무,신태진,교직,3,절대평가
4124723,TTM3002,교육방법및교육공학,박병호,교직,5,절대평가
4124724,TTM3004,교육행정및교육경영,신태진,교직,2.2,절대평가
4124725,TTM3005,학교현장실습,신태진,교직,0,절대평가
4124726,TTM3019,교육과정,고요한,교직,5,절대평가
4124727,TTM3022,학교폭력예방및학생의이해,신태진,교직,2.2,절대평가
4124728,QQM3011,한국지리교육론,차옥이,교직,4.5,절대평가
4124729,QQM3013,지질학,이달희,교직,3.43,절대평가
4124730,BST3135,과학논리및논술,이훈희,전선,0,절대평가
4124732,ECN3042,사회논리및논술,김성학,전선,0,절대평가
4124733,PHS3016,과학논리및논술,이훈희,전선,0,절대평가
4124734,ECN3035,역사,이상순,전선,0,절대평가
4124735,MGT3100,상업교육과정,백매선,전선,0,절대평가
4124736,TTM3020,통합사회교재연구및지도법,송현정,교직,0,절대평가
4124737,TTM3021,통합과학교재연구및지도법,김순걸,교직,0,절대평가
4124746,YHD1101,교양영어Ⅰ,,공기,0,
4124747,YHD1102,교양영어Ⅱ,,공기,0,
4124748,YHD1103,교양영어Ⅲ,,공기,0,
4124749,YHD1104,교양영어Ⅳ,,공기,0,
4124750,YHD1002,교양영어Ⅱ,,공기,0,
4124751,YHD1001,교양영어Ⅰ,,공기,0,
4124752,WCM1108,전인활동 I,예병일,전기,0,
4124753,YHD1009,의학연구방법론,김수기,교기,3.2,상대평가
4124754,YHD1011,말하기,예병일,교기,5,절대평가
4124755,YHC1001,글쓰기,김재영,교기,4,절대평가
4124756,YHC1001,글쓰기,오태권,교기,3.79,절대평가
4124757,YHC1001,글쓰기,김재영,교기,4,절대평가
4124758,YHN1008,인체생물학및실습,김동희,대교,4.83,상대평가
4124760,YHV1009,생명화학및실습,안찬묵,대교,4.29,상대평가
4124762,YHX1001,컴퓨팅사고,,교기,0,
4124764,WCN1101,간호학개론,"""임영미",김기경,"송희영""",전필
4124765,YHX1001,컴퓨팅사고,,교기,0,
4124767,YHC1001,글쓰기,정수현,교기,3.41,절대평가
4124768,YHN1002,일반생물학및실험(1),손준형,대교,4.1,절대평가
4124769,WDH1101,치위생학개론,"""정원균","문소정""",전기,0
4124770,YHN1002,일반생물학및실험(1),,대교,0,절대평가
4124771,YHX1001,컴퓨팅사고,,교기,0,
4124772,YHC1001,글쓰기,성은혜,교기,5,절대평가
4124773,PHO3038,윤리추론,이주석,일반,0,절대평가
4124774,PHO4017,언어추리와논증,박승권,일반,0,절대평가
4124775,PHO4018,비판적창의적사고,"""이기용","김수진""",일반,0
4124776,UOA3001,안보학(군사학),,일반,5,절대평가
4124777,UOA4001,조직리더십(군사학),,일반,0,절대평가
4124778,WCM2304,환자-의사-사회I,예병일,전기,0,
4124779,WCM2305,의화학및실습II,안찬묵,전필,0,
4124780,WCM2302,인체의구조II,양영철,전필,0,
4124781,WCM2303,세포의기능과조절I,남궁준,전필,0,
4124782,WCM2301,인체의구조I,최병영,전필,0,
4124783,WCM2216,채플,시몬김,공기,0,
4124784,UNB1001,기독교의이해,시몬김,공기,0,
4124785,WCM3123,환자-의사-사회III,박경혜,전필,0,
4124786,WCM3124,면역학,최선주,전필,0,
4124787,WCM3125,감염학,김영근,전필,0,
4124788,WCM3126,호흡기학,김상하,전필,0,
4124789,WCM3127,순환기학,윤영진,전필,0,
4124790,WCM3115,영상의학총론,이나래,전필,0,
4124791,WCM4131,기독교와의학,용석중,전필,0,
4124792,WCM4132,임상혈액학,공지현,전필,0,
4124793,WCM4134,임상감염병학,김영근,전필,0,
4124794,WCM4135,임상신경과학,박찬익,전필,0,
4124795,WCM4136,임상신장및독성학,김재석,전필,0,
4124796,WCM4137,임상종양학,임승택,전필,0,
4124797,WCM4138,임상내분비학,정춘희,전필,0,
4124798,WCM4139,임상생식의학,최성진,전필,0,
4124799,WCM4140,임상근골격학,정회정,전필,0,
4124800,WCM5105,환자-의사-사회IV,예병일,전필,0,
4124801,WCM4133,임상심장학,윤영진,전필,0,
4124802,WCM5103,포괄적심화학습,어영,전필,0,
4124803,WCM5110,신장내과학실습,김재석,전필,0,
4124804,WCM5111,내분비내과학실습,김성훈,전필,0,
4124805,WCM5112,혈액종양내과학실습,공지현,전필,0,
4124806,WCM5113,감염내과학실습,김영근,전필,0,
4124807,WCM5114,류마티스내과학실습,표정윤,전필,0,
4124808,WCM5120,일차진료실습,최성진,전필,0,
4124810,WCM5125,보완대체의학,박연철,전필,0,
4124811,WCM5107,소화기내과학실습,김문영,전필,0,
4124812,WCM5108,심장내과학실습,윤영진,전필,0,
4124813,WCM5109,호흡기내과학실습,김상하,전필,0,
4124814,WCM5119,영상의학과학실습,이나래,전필,0,
4124815,WCM5127,환자안전,박경혜,전필,0,
4124816,WCM5101,임상면담및진단학,김효열,전필,0,
4124817,WCM5117,산부인과학실습,한경희,전필,0,
4124818,WCM5118,정신과학실습,김민혁,전필,0,
4124819,WCM5115,외과학실습,배금석,전필,0,
4124820,WCM5116,소아청소년과학실습,강윤구,전필,0,
4124821,WCM6106,자율선택실습,예병일,전필,0,
4124822,WCM6101,의료법규,고상백,전필,0,
4124823,WCM6102,법의학,엄민섭,전필,0,
4124824,WCM6110,마취통증의학실습,최관훈,전필,0,
4124825,WCM6111,비뇨의학실습,장기돈,전필,0,
4124826,WCM6112,신경과학실습,이지용,전필,0,
4124827,WCM6113,방사선종양학실습,차혜정,전필,0,
4124828,WCM6114,병리과실습,권형주,전필,0,
4124829,WCM6115,성형외과학실습,김지예,전필,0,
4124830,WCM6116,신경외과학실습,조성민,전필,0,
4124831,WCM6117,안과학실습,김지업,전필,0,
4124832,WCM6118,이비인후과학실습,박동준,전필,0,
4124833,WCM6119,재활의학실습,용상열,전필,0,
4124834,WCM6120,정형외과학실습,정회정,전필,0,
4124835,WCM6121,진단검사의학실습,어영,전필,0,
4124836,WCM6122,피부과학실습,홍승필,전필,0,
4124837,WCM6123,흉부외과학실습,박일환,전필,0,
4124838,WCM6130,임상종합시험II,최성진,전필,0,
4124839,WCM6107,지역사회의학실습,고상백,전필,0,
4124840,WCM6108,가정의학실습,조은석,전필,0,
4124841,WCM6109,응급의학실습,정우진,전필,0,
4124842,WCM6133,임상술기및진료수행평가II,박경혜,전필,0,
4124843,WCM6103,임상종합강의I,박경혜,전필,0,
4174399,YHG1020,IT혁명과인문학,"""이상순","황상원""",대교/필교,4.33
4174400,YHH1011,러시아어(1),변군혁,대교/필교,4.4,절대평가
4174401,MGT3058,경영전공(2),오상도,전필,0,
4174402,MGT2018,경영전공(1),최성원,전선,4.17,
4174404,ECN3005,기업규제와경쟁정책,(비전임채용예정),전선,0,절대평가
4174405,ECN3088,조세정책,(비전임채용예정),전선,0,절대평가
4174406,EIC3309,INTERNATIONAL INTERNSHIP IN EAST ASIA I,주현호,전선,0,P/NP
4174407,DES4002,트렌드리서치(1),박종욱,전선,0,
4174408,DES4003,트렌드리서치(2),박종욱,전선,0,
4174409,DES4004,트렌드리서치(3),박종욱,전선,0,
4174410,DES4005,트렌드리서치(4),박종욱,전선,0,
4174411,HAC4013,문화산업기업체현장실습(1),왕현종,전선,0,
4174412,HAC4014,문화산업기업체현장실습(2),왕현종,전선,0,
4174413,HAC4015,문화산업기업체현장실습(3),왕현종,전선,0,
4174414,HAC4016,문화산업기업체현장실습(4),왕현종,전선,0,
4174415,MGT4032,경영인턴십(1),장운욱,전선,0,
4174416,MGT4033,경영인턴십(2),장운욱,전선,0,
4174417,MGT4034,경영인턴십(3),장운욱,전선,0,
4174418,MGT4035,경영인턴십(4),장운욱,전선,0,
4174419,YHM4018,보건행정현장실습,이광수,전선,0,
4174421,ECN3067,MEDICI 장기 현장실습,박천일,전선,0,
4174422,ILA3010,MEDICI 장기 현장실습(1),박인식,일반,0,
4174423,ILA3011,MEDICI 장기 현장실습(2),박인식,일반,0,
4174424,ILA3015,포스트캡스톤디자인(1),박인식,일반,0,
4174425,YHD1003,교양영어(III),안드레아 선,공기,0,
4174426,WCN2202,기초간호과학(자연)II,송희영,전기,0,
4174427,WCN2918,기본간호학실습I,"""신윤희","김기연""",전필,0
4174428,WCN2001,건강사정및실습,신윤희,전필,0,
4174429,WCN2917,기본간호학I,신윤희,전필,0,
4174430,WCN2925,전문직과 인성,임영미,전필,0,
4174431,WCN2925,전문직과 인성,박소미,전필,0,
4174432,TTM2001,교육학개론,문성모,전선,0,
4174433,TTM2003,교육심리,문성모,전선,0,
4174434,WCN2919,정보사회와건강,이수용,전선,0,
4174435,WCN2915,채플,시몬김,공기,0,
4174436,YHD1003,교양영어(III),클리포드,공기,0,
4174437,WCN2927,인간관계와의사소통,임영미,필교,0,
4174438,WCN3321,임상실습입문,최정아,전필,0,
4174439,WCN3306,아동간호학실습I,최지혜,전필,0,
4174440,WCN3318,간호윤리와법,김기경,전필,0,
4174441,WCN3322,간호상황수기실습,최정아,전필,0,
4174442,WCN3301,모성간호학I,박소미,전필,0,
4174443,WCN3302,아동간호학II,박영옥,전필,0,
4174444,WCN3304,정신간호학I,임영미,전필,0,
4174445,WCN3305,지역사회간호학II,김정희,전필,0,
4174446,WCN3307,성인간호학실습I,허혜경,전필,0,
4174447,WCN3911,보건교재연구및지도법,곽호종,전필,0,
4174448,WCN3303,성인간호학II,허혜경,전필,0,
4174449,TTM2006,특수교육학개론,조현근,교직,3.71,
4174450,TTM3004,교육행정및교육경영,박병호,교직,0,
4174451,WCN3419,보건의사소통의 실제,임영미,전필,0,
4174452,WCN3401,성인간호학,김기연,전필,0,
4174453,WCN3403,간호관리학,김기경,전필,0,
4174454,WCN3404,간호관리학실습,김기경,전필,0,
4174455,WCN3405,모성간호학실습,박소미,전필,0,
4174456,WCN3406,아동간호학실습,최정아,전필,0,
4174457,WCN3407,성인간호학실습I,허혜경,전필,0,
4174458,WCN3408,성인간호학실습II,김기연,전필,0,
4174459,WCN3409,지역사회간호학실습I,김정희,전필,0,
4174460,WCN3410,지역사회간호학실습II,김정희,전필,0,
4174461,WCN3411,정신간호학실습,임영미,전필,0,
4174462,WCN3402,간호연구및통계II,박소미,전필,0,
4174463,TTM4001,학교현장실습,김정희,교직,0,
4174464,TTM4004,학교폭력예방의이론과실제,조영진,교직,0,
4174465,WCN3504,건강사정및실습,신윤희,전필,0,
4174466,WCN3505,기초간호과학(자연)I,송희영,전필,0,
4174467,WCN3506,간호과정,허혜경,전필,0,
4174468,WCN3905,정보사회와건강,이수용,전선,0,
4174469,WCN3518,채플,시몬김,공기,0,
4174470,WCN3503,성인학습론,김기연,필교,0,
4174471,WCN3516,글쓰기,이혜진,필교,4.72,
4174472,WCN3605,지역사회건강문제와간호,김정희,전필,0,
4174473,WCN3603,간호연구및통계,박소미,전필,0,
4174474,WCN3604,건강문제와간호II,최정아,전선,0,
4174475,WCN3607,임상약리,최재원,전선,0,
4174476,WCN3610,간호전문직쟁점,김기연,전선,0,
4174477,WCN3617,채플,시몬김,공기,0,
4174478,WCN3614,영어I,김종두,필교,0,
4186189,WDH2201,구강생화학,손준형,전기,0,
4186190,WDH2202,구강미생물학및면역학,최선주,전기,0,
4186191,WDH2219,치과생체재료공학(Ⅰ),강정윤,전필,0,
4186192,WDH2218,임상치과학(치주과정),정은하,전필,0,
4186193,WDH2205,임상치위생학(Ⅰ),한선영,전필,0,
4186194,WDH2216,채플,시몬김,공기,0,
4186195,WDH2901,교육학개론,박병호,선교,0,
4186196,WDH2902,공중보건학,강정윤,선교,0,
4186197,YHJ1009,사회학개론,장익,필교,0,
4186198,WDH3301,치과약리학,최재원,전기,0,
4186199,WDH3302,구강병리학,권형주,전기,0,
4186200,WDH3324,보건의료의의사소통과발표,정원균,전필,0,
4186201,WDH3332,임상실습(Ⅰ),이윤,전필,0,
4186202,WDH3336,임상전단계실습,최마이,전필,0,
4186203,WDH3336,임상전단계실습,정은하,전필,0,
4186204,WDH3304,임상치과학(외과과정및응급처치),이천의,전필,0,
4186205,WDH3305,임상치과학(교정과정),이정섭,전필,0,
4186206,WDH3317,임상치과학(보존과정),이윤,전필,0,
4186207,WDH3318,임상치과학(보철과정),최형준,전필,0,
4186208,WDH3319,구강악안면영상학(II),정원균,전필,0,
4186209,WDH3330,임상치위생학(III),문소정,전필,0,
4186210,WDH3331,임상치위생학(III)실습,문소정,전필,0,
4186211,WDH3331,임상치위생학(III)실습,정은하,전필,0,
4186212,WDH3407,특성화선택실습,한선영,전필,0,
4186213,WDH3425,임상실습(Ⅲ),문소정,전필,0,
4186214,WDH3401,관리치위생학(Ⅰ),정예영,전필,0,
4186215,WDH3404,치위생행동과학,최병재,전필,0,
4186216,WDH3423,임상치위생학(V),노희진,전필,0,
4186217,WDH3424,임상치위생학(V)실습,노희진,전필,0,
4186218,WDH3424,임상치위생학(V)실습,박보영,전필,0,
4186219,WDH3430,치위생연구및통계,강정윤,전필,0,
4186220,WDH3429,사회치위생학(Ⅱ),정은하,전필,0,
4209221,WCM3201,의과학의윤리문제들,남궁준,전선,0,
4209222,WCM3202,정밀의학,강대용,전선,0,
4209224,WCM3203,나만의책쓰기I,예병일,전선,0,
4209225,WCM3204,의과학저널클럽,남궁준,전선,0,
4209226,WCM3205,불확실하고흥미로운임상의학의세계,김재석,전선,0,
4209227,WCM3206,나만의책쓰기II,예병일,전선,0,
4275397,WCN2929,대학합창,이범석,공기,0,
4301954,ITD3011,영상처리,"""(신임교원채용예정)","이홍래""",전선,0
4312055,YHA1001,채플,강승일,공기,0,P/NP
4326402,GED3072,비즈니스일본어(1),박응석(담당교수변경예정),전선,0,절대평가
4329202,DPH3060,생활속의스마트IT,,일반,0,절대평가
4336094,YHD1003,교양영어Ⅲ,최종갑,대교/공기/필교,0,"""영어강의"
4336095,YHD1003,교양영어Ⅲ,이수림,대교/공기/필교,0,"""영어강의"
4339205,UND1101,기초대학영어,,학기,0,
4339206,UND1102,초급대학영어,,학기,0,
4339207,UND1103,중급대학영어,,학기,0,
4339208,UND1104,고급대학영어,,학기,0,
4339209,GED1101,초급영어Ⅰ,,공기,0,
4339210,GED1102,초급영어Ⅱ,,공기,0,
4339211,GED1103,중급영어Ⅰ,,공기,0,
4339212,GED1104,중급영어Ⅱ,,공기,0,
4339213,UND1012,기초대학영어,,공기,0,
4339214,UND1013,초급대학영어,,공기,0,
4339215,UND1014,중급대학영어,,공기,0,
4339216,UND1015,고급대학영어,,공기,0,
4348468,BST3011,유전학및실험,배기호,전선,4.2,상대평가
